{
  "id": "el_jem_visite_15",
  "title": "El Jem - Visite",
  "content": "Des guides touristiques sont disponibles en français, arabe et anglais.\n\nLe site attire chaque année des milliers de visiteurs et de chercheurs.\n\nDes projets éducatifs sont développés pour valoriser le patrimoine de El Jem.",
  "metadata": {
    "site_archaeologique": "El Jem",
    "periode": "Romain",
    "region": "Mahdia",
    "source": "Rapport de fouilles",
    "date_creation": "2025-12-11",
    "langue": "fr",
    "type_document": "visite",
    "unesco": true,
    "unesco_annee": 1979,
    "credibilite": 0.8,
    "mots_cles": [
      "El Jem",
      "visite",
      "Romain",
      "Tunisie"
    ]
  }
}