{
  "id": "el_jem_article_3",
  "title": "El Jem - Article",
  "content": "Étude archéologique de El Jem : analyses récentes.\n\nFouilles et découvertes à El Jem : état des lieux.\n\nPatrimoine et conservation à El Jem : défis et perspectives.\n\nArchitecture et urbanisme de El Jem : caractéristiques principales.\n\nEl Jem dans l'antiquité : rôle historique et économique.",
  "metadata": {
    "site_archaeologique": "El Jem",
    "periode": "Romain",
    "source": "article",
    "date_collecte": "2025-12-11",
    "langue": "fr",
    "type": "académique",
    "fiabilite": 0.85,
    "mots_cles": [
      "El Jem",
      "archéologie",
      "Tunisie",
      "article"
    ],
    "unesco_id": 38,
    "patrimoine_mondial": true
  }
}