{
  "id": "kerkouane_article_4",
  "title": "Kerkouane - Article",
  "content": "Étude archéologique de Kerkouane : analyses récentes.\n\nFouilles et découvertes à Kerkouane : état des lieux.\n\nPatrimoine et conservation à Kerkouane : défis et perspectives.\n\nArchitecture et urbanisme de Kerkouane : caractéristiques principales.\n\nKerkouane dans l'antiquité : rôle historique et économique.",
  "metadata": {
    "site_archaeologique": "Kerkouane",
    "periode": "Punique",
    "source": "article",
    "date_collecte": "2025-12-11",
    "langue": "fr",
    "type": "académique",
    "fiabilite": 0.85,
    "mots_cles": [
      "Kerkouane",
      "archéologie",
      "Tunisie",
      "article"
    ],
    "unesco_id": 332,
    "patrimoine_mondial": true
  }
}