{
  "id": "sbeitla_visite_20",
  "title": "Sbeitla - Visite",
  "content": "Le musée du site présente des collections de sculptures.\n\nDes projets éducatifs sont développés pour valoriser le patrimoine de Sbeitla.\n\nLe site attire chaque année des milliers de visiteurs et de chercheurs.",
  "metadata": {
    "site_archaeologique": "Sbeitla",
    "periode": "Romain/Byzantin",
    "region": "Kasserine",
    "source": "Article académique",
    "date_creation": "2025-12-11",
    "langue": "fr",
    "type_document": "visite",
    "unesco": false,
    "unesco_annee": null,
    "credibilite": 0.8,
    "mots_cles": [
      "Sbeitla",
      "visite",
      "Romain",
      "Tunisie"
    ]
  }
}