{
  "id": "makthar_fouilles_48",
  "title": "Makthar - Fouilles",
  "content": "Les archéologues ont découvert à Makthar des céramiques sigillées exceptionnellement bien préservés.\n\nLe site attire chaque année des milliers de visiteurs et de chercheurs.\n\nLe site attire chaque année des milliers de visiteurs et de chercheurs.",
  "metadata": {
    "site_archaeologique": "Makthar",
    "periode": "Numide/Romain",
    "region": "Siliana",
    "source": "Institut National du Patrimoine (INP)",
    "date_creation": "2025-12-11",
    "langue": "fr",
    "type_document": "fouilles",
    "unesco": false,
    "unesco_annee": null,
    "credibilite": 0.8,
    "mots_cles": [
      "Makthar",
      "fouilles",
      "Numide",
      "Tunisie"
    ]
  }
}