{
  "id": "carthage_article_5",
  "title": "Carthage - Article",
  "content": "Étude archéologique de Carthage : analyses récentes.\n\nFouilles et découvertes à Carthage : état des lieux.\n\nPatrimoine et conservation à Carthage : défis et perspectives.\n\nArchitecture et urbanisme de Carthage : caractéristiques principales.\n\nCarthage dans l'antiquité : rôle historique et économique.",
  "metadata": {
    "site_archaeologique": "Carthage",
    "periode": "Punique, Romain, Byzantin",
    "source": "article",
    "date_collecte": "2025-12-11",
    "langue": "fr",
    "type": "académique",
    "fiabilite": 0.85,
    "mots_cles": [
      "Carthage",
      "archéologie",
      "Tunisie",
      "article"
    ],
    "unesco_id": 37,
    "patrimoine_mondial": true
  }
}