{
  "id": "neapolis_article_4",
  "title": "Neapolis - Article",
  "content": "Étude archéologique de Neapolis : analyses récentes.\n\nFouilles et découvertes à Neapolis : état des lieux.\n\nPatrimoine et conservation à Neapolis : défis et perspectives.\n\nArchitecture et urbanisme de Neapolis : caractéristiques principales.\n\nNeapolis dans l'antiquité : rôle historique et économique.",
  "metadata": {
    "site_archaeologique": "Neapolis",
    "periode": "Antiquité",
    "source": "article",
    "date_collecte": "2025-12-11",
    "langue": "fr",
    "type": "académique",
    "fiabilite": 0.85,
    "mots_cles": [
      "Neapolis",
      "archéologie",
      "Tunisie",
      "article"
    ]
  }
}