{
  "id": "thuburbo_majus_architecture_37",
  "title": "Thuburbo Majus - Architecture",
  "content": "Parmi les monuments les mieux conservés : le Capitole.\n\nLe site attire chaque année des milliers de visiteurs et de chercheurs.\n\nLes autorités tunisiennes, en collaboration avec l'UNESCO, travaillent à la préservation de Thuburbo Majus.",
  "metadata": {
    "site_archaeologique": "Thuburbo Majus",
    "periode": "Romain",
    "region": "Zaghouan",
    "source": "Rapport de fouilles",
    "date_creation": "2025-12-11",
    "langue": "fr",
    "type_document": "architecture",
    "unesco": false,
    "unesco_annee": null,
    "credibilite": 0.8,
    "mots_cles": [
      "Thuburbo Majus",
      "architecture",
      "Romain",
      "Tunisie"
    ]
  }
}