{
  "id": "thuburbo_majus_fouilles_38",
  "title": "Thuburbo Majus - Fouilles",
  "content": "Les archéologues ont découvert à Thuburbo Majus des monnaies romaines exceptionnellement bien préservés.\n\nLe site attire chaque année des milliers de visiteurs et de chercheurs.\n\nLe site attire chaque année des milliers de visiteurs et de chercheurs.",
  "metadata": {
    "site_archaeologique": "Thuburbo Majus",
    "periode": "Romain",
    "region": "Zaghouan",
    "source": "Institut National du Patrimoine (INP)",
    "date_creation": "2025-12-11",
    "langue": "fr",
    "type_document": "fouilles",
    "unesco": false,
    "unesco_annee": null,
    "credibilite": 0.8,
    "mots_cles": [
      "Thuburbo Majus",
      "fouilles",
      "Romain",
      "Tunisie"
    ]
  }
}