{
  "id": "sidi_jdidi_article_3",
  "title": "Sidi Jdidi - Article",
  "content": "Étude archéologique de Sidi Jdidi : analyses récentes.\n\nFouilles et découvertes à Sidi Jdidi : état des lieux.\n\nPatrimoine et conservation à Sidi Jdidi : défis et perspectives.\n\nArchitecture et urbanisme de Sidi Jdidi : caractéristiques principales.\n\nSidi Jdidi dans l'antiquité : rôle historique et économique.",
  "metadata": {
    "site_archaeologique": "Sidi Jdidi",
    "periode": "Antiquité",
    "source": "article",
    "date_collecte": "2025-12-11",
    "langue": "fr",
    "type": "académique",
    "fiabilite": 0.85,
    "mots_cles": [
      "Sidi Jdidi",
      "archéologie",
      "Tunisie",
      "article"
    ]
  }
}