{
  "id": "bulla_regia_article_3",
  "title": "Bulla Regia - Article",
  "content": "Étude archéologique de Bulla Regia : analyses récentes.\n\nFouilles et découvertes à Bulla Regia : état des lieux.\n\nPatrimoine et conservation à Bulla Regia : défis et perspectives.\n\nArchitecture et urbanisme de Bulla Regia : caractéristiques principales.\n\nBulla Regia dans l'antiquité : rôle historique et économique.",
  "metadata": {
    "site_archaeologique": "Bulla Regia",
    "periode": "Numide, Romain",
    "source": "article",
    "date_collecte": "2025-12-11",
    "langue": "fr",
    "type": "académique",
    "fiabilite": 0.85,
    "mots_cles": [
      "Bulla Regia",
      "archéologie",
      "Tunisie",
      "article"
    ]
  }
}