{
  "id": "gigthis_article_4",
  "title": "Gigthis - Article",
  "content": "Étude archéologique de Gigthis : analyses récentes.\n\nFouilles et découvertes à Gigthis : état des lieux.\n\nPatrimoine et conservation à Gigthis : défis et perspectives.\n\nArchitecture et urbanisme de Gigthis : caractéristiques principales.\n\nGigthis dans l'antiquité : rôle historique et économique.",
  "metadata": {
    "site_archaeologique": "Gigthis",
    "periode": "Antiquité",
    "source": "article",
    "date_collecte": "2025-12-11",
    "langue": "fr",
    "type": "académique",
    "fiabilite": 0.85,
    "mots_cles": [
      "Gigthis",
      "archéologie",
      "Tunisie",
      "article"
    ]
  }
}