{
  "id": "utique_architecture_32",
  "title": "Utique - Architecture",
  "content": "L'architecture de Utique témoigne d'une influence romaine marquée.\n\nDes études récentes ont permis de mieux comprendre l'organisation urbaine de Utique.\n\nLes autorités tunisiennes, en collaboration avec l'UNESCO, travaillent à la préservation de Utique.",
  "metadata": {
    "site_archaeologique": "Utique",
    "periode": "Punique",
    "region": "Bizerte",
    "source": "Rapport de fouilles",
    "date_creation": "2025-12-11",
    "langue": "fr",
    "type_document": "architecture",
    "unesco": false,
    "unesco_annee": null,
    "credibilite": 0.8,
    "mots_cles": [
      "Utique",
      "architecture",
      "Punique",
      "Tunisie"
    ]
  }
}