{
  "id": "sbeitla_article_3",
  "title": "Sbeitla - Article",
  "content": "Étude archéologique de Sbeitla : analyses récentes.\n\nFouilles et découvertes à Sbeitla : état des lieux.\n\nPatrimoine et conservation à Sbeitla : défis et perspectives.\n\nArchitecture et urbanisme de Sbeitla : caractéristiques principales.\n\nSbeitla dans l'antiquité : rôle historique et économique.",
  "metadata": {
    "site_archaeologique": "Sbeitla",
    "periode": "Romain, Byzantin",
    "source": "article",
    "date_collecte": "2025-12-11",
    "langue": "fr",
    "type": "académique",
    "fiabilite": 0.85,
    "mots_cles": [
      "Sbeitla",
      "archéologie",
      "Tunisie",
      "article"
    ]
  }
}