{
  "id": "bulla_regia_visite_30",
  "title": "Bulla Regia - Visite",
  "content": "Des guides touristiques sont disponibles en français, arabe et anglais.\n\nDes projets éducatifs sont développés pour valoriser le patrimoine de Bulla Regia.\n\nDes projets éducatifs sont développés pour valoriser le patrimoine de Bulla Regia.",
  "metadata": {
    "site_archaeologique": "Bulla Regia",
    "periode": "Numide/Romain",
    "region": "Jendouba",
    "source": "Guide officiel",
    "date_creation": "2025-12-11",
    "langue": "fr",
    "type_document": "visite",
    "unesco": false,
    "unesco_annee": null,
    "credibilite": 0.8,
    "mots_cles": [
      "Bulla Regia",
      "visite",
      "Numide",
      "Tunisie"
    ]
  }
}