{
  "id": "carthage_visite_5",
  "title": "Carthage - Visite",
  "content": "Des guides touristiques sont disponibles en français et arabe.\n\nLe site attire chaque année des milliers de visiteurs et de chercheurs.\n\nLes autorités tunisiennes, en collaboration avec l'UNESCO, travaillent à la préservation de Carthage.",
  "metadata": {
    "site_archaeologique": "Carthage",
    "periode": "Punique/Romain",
    "region": "Tunis",
    "source": "Article académique",
    "date_creation": "2025-12-11",
    "langue": "fr",
    "type_document": "visite",
    "unesco": true,
    "unesco_annee": 1979,
    "credibilite": 0.8,
    "mots_cles": [
      "Carthage",
      "visite",
      "Punique",
      "Tunisie"
    ]
  }
}