{
  "id": "sbeitla_fouilles_18",
  "title": "Sbeitla - Fouilles",
  "content": "Les campagnes de fouilles récentes (2020-2023) ont mis au jour des inscriptions latines.\n\nDes projets éducatifs sont développés pour valoriser le patrimoine de Sbeitla.\n\nDes études récentes ont permis de mieux comprendre l'organisation urbaine de Sbeitla.",
  "metadata": {
    "site_archaeologique": "Sbeitla",
    "periode": "Romain/Byzantin",
    "region": "Kasserine",
    "source": "Institut National du Patrimoine (INP)",
    "date_creation": "2025-12-11",
    "langue": "fr",
    "type_document": "fouilles",
    "unesco": false,
    "unesco_annee": null,
    "credibilite": 0.8,
    "mots_cles": [
      "Sbeitla",
      "fouilles",
      "Romain",
      "Tunisie"
    ]
  }
}