{
  "id": "sbeitla_histoire_16",
  "title": "Sbeitla - Histoire",
  "content": "Les fouilles archéologiques ont révélé que Sbeitla était un important centre commercial.\n\nLe site attire chaque année des milliers de visiteurs et de chercheurs.\n\nLe site attire chaque année des milliers de visiteurs et de chercheurs.",
  "metadata": {
    "site_archaeologique": "Sbeitla",
    "periode": "Romain/Byzantin",
    "region": "Kasserine",
    "source": "Wikipedia",
    "date_creation": "2025-12-11",
    "langue": "fr",
    "type_document": "histoire",
    "unesco": false,
    "unesco_annee": null,
    "credibilite": 0.8,
    "mots_cles": [
      "Sbeitla",
      "histoire",
      "Romain",
      "Tunisie"
    ]
  }
}