[
  {
    "id": "bulla_regia_histoire_26_chunk_9f3d3e05",
    "text": "Fondé au IIe siècle av. J.-C., Bulla Regia a joué un rôle majeur dans lhistoire de la Tunisie antique. Le site attire chaque année des milliers de visiteurs et de chercheurs. Des études récentes ont permis de mieux comprendre lorganisation urbaine de Bulla Regia.",
    "metadata": {
      "site_archaeologique": "Bulla Regia",
      "periode": "Numide/Romain",
      "region": "Jendouba",
      "source": "Wikipedia",
      "date_creation": "2025-12-11",
      "langue": "fr",
      "type_document": "histoire",
      "unesco": false,
      "unesco_annee": "",
      "credibilite": 0.8,
      "mots_cles": "Bulla Regia, histoire, Numide, Tunisie",
      "chunk_index": 0,
      "parent_doc_id": "bulla_regia_histoire_26",
      "parent_title": "Bulla Regia - Histoire",
      "text_length": 263,
      "num_sentences": 4
    }
  },
  {
    "id": "bulla_regia_architecture_27_chunk_f7d99358",
    "text": "Le site de Bulla Regia présente des caractéristiques architecturales remarquables comme temples à péristyle. Des projets éducatifs sont développés pour valoriser le patrimoine de Bulla Regia. Le site attire chaque année des milliers de visiteurs et de chercheurs.",
    "metadata": {
      "site_archaeologique": "Bulla Regia",
      "periode": "Numide/Romain",
      "region": "Jendouba",
      "source": "Article académique",
      "date_creation": "2025-12-11",
      "langue": "fr",
      "type_document": "architecture",
      "unesco": false,
      "unesco_annee": "",
      "credibilite": 0.8,
      "mots_cles": "Bulla Regia, architecture, Numide, Tunisie",
      "chunk_index": 0,
      "parent_doc_id": "bulla_regia_architecture_27",
      "parent_title": "Bulla Regia - Architecture",
      "text_length": 263,
      "num_sentences": 3
    }
  },
  {
    "id": "bulla_regia_fouilles_28_chunk_4c803199",
    "text": "Les archéologues ont découvert à Bulla Regia des céramiques sigillées exceptionnellement bien préservés. Les autorités tunisiennes, en collaboration avec lUNESCO, travaillent à la préservation de Bulla Regia. Des projets éducatifs sont développés pour valoriser le patrimoine de Bulla Regia.",
    "metadata": {
      "site_archaeologique": "Bulla Regia",
      "periode": "Numide/Romain",
      "region": "Jendouba",
      "source": "Institut National du Patrimoine (INP)",
      "date_creation": "2025-12-11",
      "langue": "fr",
      "type_document": "fouilles",
      "unesco": false,
      "unesco_annee": "",
      "credibilite": 0.8,
      "mots_cles": "Bulla Regia, fouilles, Numide, Tunisie",
      "chunk_index": 0,
      "parent_doc_id": "bulla_regia_fouilles_28",
      "parent_title": "Bulla Regia - Fouilles",
      "text_length": 291,
      "num_sentences": 3
    }
  },
  {
    "id": "bulla_regia_conservation_29_chunk_458a30d2",
    "text": "Des travaux de restauration ont été entrepris pour préserver thermes avec hypocauste. Des études récentes ont permis de mieux comprendre lorganisation urbaine de Bulla Regia. Le site attire chaque année des milliers de visiteurs et de chercheurs.",
    "metadata": {
      "site_archaeologique": "Bulla Regia",
      "periode": "Numide/Romain",
      "region": "Jendouba",
      "source": "Article académique",
      "date_creation": "2025-12-11",
      "langue": "fr",
      "type_document": "conservation",
      "unesco": false,
      "unesco_annee": "",
      "credibilite": 0.8,
      "mots_cles": "Bulla Regia, conservation, Numide, Tunisie",
      "chunk_index": 0,
      "parent_doc_id": "bulla_regia_conservation_29",
      "parent_title": "Bulla Regia - Conservation",
      "text_length": 246,
      "num_sentences": 3
    }
  },
  {
    "id": "bulla_regia_visite_30_chunk_d711fe3c",
    "text": "Des guides touristiques sont disponibles en français, arabe et anglais. Des projets éducatifs sont développés pour valoriser le patrimoine de Bulla Regia. Des projets éducatifs sont développés pour valoriser le patrimoine de Bulla Regia.",
    "metadata": {
      "site_archaeologique": "Bulla Regia",
      "periode": "Numide/Romain",
      "region": "Jendouba",
      "source": "Guide officiel",
      "date_creation": "2025-12-11",
      "langue": "fr",
      "type_document": "visite",
      "unesco": false,
      "unesco_annee": "",
      "credibilite": 0.8,
      "mots_cles": "Bulla Regia, visite, Numide, Tunisie",
      "chunk_index": 0,
      "parent_doc_id": "bulla_regia_visite_30",
      "parent_title": "Bulla Regia - Visite",
      "text_length": 237,
      "num_sentences": 3
    }
  },
  {
    "id": "carthage_histoire_1_chunk_cc830cc2",
    "text": "Lhistoire de Carthage sétend sur plusieurs siècles, avec des occupations PuniqueRomain. Des études récentes ont permis de mieux comprendre lorganisation urbaine de Carthage. Le site attire chaque année des milliers de visiteurs et de chercheurs.",
    "metadata": {
      "site_archaeologique": "Carthage",
      "periode": "Punique/Romain",
      "region": "Tunis",
      "source": "Wikipedia",
      "date_creation": "2025-12-11",
      "langue": "fr",
      "type_document": "histoire",
      "unesco": true,
      "unesco_annee": 1979,
      "credibilite": 0.8,
      "mots_cles": "Carthage, histoire, Punique, Tunisie",
      "chunk_index": 0,
      "parent_doc_id": "carthage_histoire_1",
      "parent_title": "Carthage - Histoire",
      "text_length": 245,
      "num_sentences": 3
    }
  },
  {
    "id": "carthage_architecture_2_chunk_d8edd2ba",
    "text": "Parmi les monuments les mieux conservés : le théâtre. Le site attire chaque année des milliers de visiteurs et de chercheurs. Le site attire chaque année des milliers de visiteurs et de chercheurs.",
    "metadata": {
      "site_archaeologique": "Carthage",
      "periode": "Punique/Romain",
      "region": "Tunis",
      "source": "UNESCO",
      "date_creation": "2025-12-11",
      "langue": "fr",
      "type_document": "architecture",
      "unesco": true,
      "unesco_annee": 1979,
      "credibilite": 0.9,
      "mots_cles": "Carthage, architecture, Punique, Tunisie",
      "chunk_index": 0,
      "parent_doc_id": "carthage_architecture_2",
      "parent_title": "Carthage - Architecture",
      "text_length": 197,
      "num_sentences": 3
    }
  },
  {
    "id": "carthage_fouilles_3_chunk_98d717d4",
    "text": "Les recherches en cours à Carthage révèlent de nouvelles informations sur lurbanisme antique. Des études récentes ont permis de mieux comprendre lorganisation urbaine de Carthage. Le site attire chaque année des milliers de visiteurs et de chercheurs.",
    "metadata": {
      "site_archaeologique": "Carthage",
      "periode": "Punique/Romain",
      "region": "Tunis",
      "source": "Institut National du Patrimoine (INP)",
      "date_creation": "2025-12-11",
      "langue": "fr",
      "type_document": "fouilles",
      "unesco": true,
      "unesco_annee": 1979,
      "credibilite": 0.8,
      "mots_cles": "Carthage, fouilles, Punique, Tunisie",
      "chunk_index": 0,
      "parent_doc_id": "carthage_fouilles_3",
      "parent_title": "Carthage - Fouilles",
      "text_length": 251,
      "num_sentences": 3
    }
  },
  {
    "id": "carthage_conservation_4_chunk_f5b479ba",
    "text": "Les défis de conservation incluent les infiltrations deau. Les autorités tunisiennes, en collaboration avec lUNESCO, travaillent à la préservation de Carthage. Les autorités tunisiennes, en collaboration avec lUNESCO, travaillent à la préservation de Carthage.",
    "metadata": {
      "site_archaeologique": "Carthage",
      "periode": "Punique/Romain",
      "region": "Tunis",
      "source": "Guide officiel",
      "date_creation": "2025-12-11",
      "langue": "fr",
      "type_document": "conservation",
      "unesco": true,
      "unesco_annee": 1979,
      "credibilite": 0.8,
      "mots_cles": "Carthage, conservation, Punique, Tunisie",
      "chunk_index": 0,
      "parent_doc_id": "carthage_conservation_4",
      "parent_title": "Carthage - Conservation",
      "text_length": 260,
      "num_sentences": 3
    }
  },
  {
    "id": "carthage_visite_5_chunk_af90fa01",
    "text": "Des guides touristiques sont disponibles en français et arabe. Le site attire chaque année des milliers de visiteurs et de chercheurs. Les autorités tunisiennes, en collaboration avec lUNESCO, travaillent à la préservation de Carthage.",
    "metadata": {
      "site_archaeologique": "Carthage",
      "periode": "Punique/Romain",
      "region": "Tunis",
      "source": "Article académique",
      "date_creation": "2025-12-11",
      "langue": "fr",
      "type_document": "visite",
      "unesco": true,
      "unesco_annee": 1979,
      "credibilite": 0.8,
      "mots_cles": "Carthage, visite, Punique, Tunisie",
      "chunk_index": 0,
      "parent_doc_id": "carthage_visite_5",
      "parent_title": "Carthage - Visite",
      "text_length": 235,
      "num_sentences": 3
    }
  },
  {
    "id": "dougga_histoire_6_chunk_059223bc",
    "text": "Lhistoire de Dougga sétend sur plusieurs siècles, avec des occupations NumideRomain. Des projets éducatifs sont développés pour valoriser le patrimoine de Dougga. Les autorités tunisiennes, en collaboration avec lUNESCO, travaillent à la préservation de Dougga.",
    "metadata": {
      "site_archaeologique": "Dougga",
      "periode": "Numide/Romain",
      "region": "Béja",
      "source": "Wikipedia",
      "date_creation": "2025-12-11",
      "langue": "fr",
      "type_document": "histoire",
      "unesco": true,
      "unesco_annee": 1997,
      "credibilite": 0.8,
      "mots_cles": "Dougga, histoire, Numide, Tunisie",
      "chunk_index": 0,
      "parent_doc_id": "dougga_histoire_6",
      "parent_title": "Dougga - Histoire",
      "text_length": 261,
      "num_sentences": 3
    }
  },
  {
    "id": "dougga_architecture_7_chunk_8e85797e",
    "text": "Le site de Dougga présente des caractéristiques architecturales remarquables comme temples à péristyle. Des études récentes ont permis de mieux comprendre lorganisation urbaine de Dougga. Les autorités tunisiennes, en collaboration avec lUNESCO, travaillent à la préservation de Dougga.",
    "metadata": {
      "site_archaeologique": "Dougga",
      "periode": "Numide/Romain",
      "region": "Béja",
      "source": "UNESCO",
      "date_creation": "2025-12-11",
      "langue": "fr",
      "type_document": "architecture",
      "unesco": true,
      "unesco_annee": 1997,
      "credibilite": 0.9,
      "mots_cles": "Dougga, architecture, Numide, Tunisie",
      "chunk_index": 0,
      "parent_doc_id": "dougga_architecture_7",
      "parent_title": "Dougga - Architecture",
      "text_length": 286,
      "num_sentences": 3
    }
  },
  {
    "id": "dougga_fouilles_8_chunk_9819fa66",
    "text": "Les campagnes de fouilles récentes (2020-2023) ont mis au jour des inscriptions latines. Des projets éducatifs sont développés pour valoriser le patrimoine de Dougga. Les autorités tunisiennes, en collaboration avec lUNESCO, travaillent à la préservation de Dougga.",
    "metadata": {
      "site_archaeologique": "Dougga",
      "periode": "Numide/Romain",
      "region": "Béja",
      "source": "Institut National du Patrimoine (INP)",
      "date_creation": "2025-12-11",
      "langue": "fr",
      "type_document": "fouilles",
      "unesco": true,
      "unesco_annee": 1997,
      "credibilite": 0.8,
      "mots_cles": "Dougga, fouilles, Numide, Tunisie",
      "chunk_index": 0,
      "parent_doc_id": "dougga_fouilles_8",
      "parent_title": "Dougga - Fouilles",
      "text_length": 265,
      "num_sentences": 3
    }
  },
  {
    "id": "dougga_conservation_9_chunk_2c7e20e6",
    "text": "Les défis de conservation incluent lérosion. Des études récentes ont permis de mieux comprendre lorganisation urbaine de Dougga. Des études récentes ont permis de mieux comprendre lorganisation urbaine de Dougga.",
    "metadata": {
      "site_archaeologique": "Dougga",
      "periode": "Numide/Romain",
      "region": "Béja",
      "source": "Guide officiel",
      "date_creation": "2025-12-11",
      "langue": "fr",
      "type_document": "conservation",
      "unesco": true,
      "unesco_annee": 1997,
      "credibilite": 0.8,
      "mots_cles": "Dougga, conservation, Numide, Tunisie",
      "chunk_index": 0,
      "parent_doc_id": "dougga_conservation_9",
      "parent_title": "Dougga - Conservation",
      "text_length": 212,
      "num_sentences": 3
    }
  },
  {
    "id": "dougga_visite_10_chunk_879c6a5c",
    "text": "Le musée du site présente des collections de inscriptions. Des études récentes ont permis de mieux comprendre lorganisation urbaine de Dougga. Le site attire chaque année des milliers de visiteurs et de chercheurs.",
    "metadata": {
      "site_archaeologique": "Dougga",
      "periode": "Numide/Romain",
      "region": "Béja",
      "source": "Article académique",
      "date_creation": "2025-12-11",
      "langue": "fr",
      "type_document": "visite",
      "unesco": true,
      "unesco_annee": 1997,
      "credibilite": 0.8,
      "mots_cles": "Dougga, visite, Numide, Tunisie",
      "chunk_index": 0,
      "parent_doc_id": "dougga_visite_10",
      "parent_title": "Dougga - Visite",
      "text_length": 214,
      "num_sentences": 3
    }
  },
  {
    "id": "el_jem_histoire_11_chunk_6cf95086",
    "text": "Lhistoire de El Jem sétend sur plusieurs siècles, avec des occupations Romain. Les autorités tunisiennes, en collaboration avec lUNESCO, travaillent à la préservation de El Jem. Des études récentes ont permis de mieux comprendre lorganisation urbaine de El Jem.",
    "metadata": {
      "site_archaeologique": "El Jem",
      "periode": "Romain",
      "region": "Mahdia",
      "source": "Wikipedia",
      "date_creation": "2025-12-11",
      "langue": "fr",
      "type_document": "histoire",
      "unesco": true,
      "unesco_annee": 1979,
      "credibilite": 0.8,
      "mots_cles": "El Jem, histoire, Romain, Tunisie",
      "chunk_index": 0,
      "parent_doc_id": "el_jem_histoire_11",
      "parent_title": "El Jem - Histoire",
      "text_length": 261,
      "num_sentences": 3
    }
  },
  {
    "id": "el_jem_architecture_12_chunk_bed57c38",
    "text": "Larchitecture de El Jem témoigne dune influence locale marquée. Des études récentes ont permis de mieux comprendre lorganisation urbaine de El Jem. Des études récentes ont permis de mieux comprendre lorganisation urbaine de El Jem.",
    "metadata": {
      "site_archaeologique": "El Jem",
      "periode": "Romain",
      "region": "Mahdia",
      "source": "UNESCO",
      "date_creation": "2025-12-11",
      "langue": "fr",
      "type_document": "architecture",
      "unesco": true,
      "unesco_annee": 1979,
      "credibilite": 0.9,
      "mots_cles": "El Jem, architecture, Romain, Tunisie",
      "chunk_index": 0,
      "parent_doc_id": "el_jem_architecture_12",
      "parent_title": "El Jem - Architecture",
      "text_length": 231,
      "num_sentences": 3
    }
  },
  {
    "id": "el_jem_fouilles_13_chunk_b02e0e42",
    "text": "Les recherches en cours à El Jem révèlent de nouvelles informations sur lurbanisme antique. Les autorités tunisiennes, en collaboration avec lUNESCO, travaillent à la préservation de El Jem. Le site attire chaque année des milliers de visiteurs et de chercheurs.",
    "metadata": {
      "site_archaeologique": "El Jem",
      "periode": "Romain",
      "region": "Mahdia",
      "source": "Institut National du Patrimoine (INP)",
      "date_creation": "2025-12-11",
      "langue": "fr",
      "type_document": "fouilles",
      "unesco": true,
      "unesco_annee": 1979,
      "credibilite": 0.8,
      "mots_cles": "El Jem, fouilles, Romain, Tunisie",
      "chunk_index": 0,
      "parent_doc_id": "el_jem_fouilles_13",
      "parent_title": "El Jem - Fouilles",
      "text_length": 262,
      "num_sentences": 3
    }
  },
  {
    "id": "el_jem_conservation_14_chunk_d8cb1b3d",
    "text": "Le site de El Jem fait lobjet dun programme de conservation depuis 2018. Des projets éducatifs sont développés pour valoriser le patrimoine de El Jem. Le site attire chaque année des milliers de visiteurs et de chercheurs.",
    "metadata": {
      "site_archaeologique": "El Jem",
      "periode": "Romain",
      "region": "Mahdia",
      "source": "Rapport de fouilles",
      "date_creation": "2025-12-11",
      "langue": "fr",
      "type_document": "conservation",
      "unesco": true,
      "unesco_annee": 1979,
      "credibilite": 0.8,
      "mots_cles": "El Jem, conservation, Romain, Tunisie",
      "chunk_index": 0,
      "parent_doc_id": "el_jem_conservation_14",
      "parent_title": "El Jem - Conservation",
      "text_length": 222,
      "num_sentences": 3
    }
  },
  {
    "id": "el_jem_visite_15_chunk_227379a9",
    "text": "Des guides touristiques sont disponibles en français, arabe et anglais. Le site attire chaque année des milliers de visiteurs et de chercheurs. Des projets éducatifs sont développés pour valoriser le patrimoine de El Jem.",
    "metadata": {
      "site_archaeologique": "El Jem",
      "periode": "Romain",
      "region": "Mahdia",
      "source": "Rapport de fouilles",
      "date_creation": "2025-12-11",
      "langue": "fr",
      "type_document": "visite",
      "unesco": true,
      "unesco_annee": 1979,
      "credibilite": 0.8,
      "mots_cles": "El Jem, visite, Romain, Tunisie",
      "chunk_index": 0,
      "parent_doc_id": "el_jem_visite_15",
      "parent_title": "El Jem - Visite",
      "text_length": 221,
      "num_sentences": 3
    }
  },
  {
    "id": "haïdra_histoire_41_chunk_49c9e5a8",
    "text": "Fondé au IIIe siècle ap. J.-C., Haïdra a joué un rôle majeur dans lhistoire de la Tunisie antique. Des projets éducatifs sont développés pour valoriser le patrimoine de Haïdra. Des projets éducatifs sont développés pour valoriser le patrimoine de Haïdra.",
    "metadata": {
      "site_archaeologique": "Haïdra",
      "periode": "Romain/Byzantin",
      "region": "Kasserine",
      "source": "Wikipedia",
      "date_creation": "2025-12-11",
      "langue": "fr",
      "type_document": "histoire",
      "unesco": false,
      "unesco_annee": "",
      "credibilite": 0.8,
      "mots_cles": "Haïdra, histoire, Romain, Tunisie",
      "chunk_index": 0,
      "parent_doc_id": "haïdra_histoire_41",
      "parent_title": "Haïdra - Histoire",
      "text_length": 254,
      "num_sentences": 4
    }
  },
  {
    "id": "haïdra_architecture_42_chunk_7c218bba",
    "text": "Larchitecture de Haïdra témoigne dune influence locale marquée. Des études récentes ont permis de mieux comprendre lorganisation urbaine de Haïdra. Des projets éducatifs sont développés pour valoriser le patrimoine de Haïdra.",
    "metadata": {
      "site_archaeologique": "Haïdra",
      "periode": "Romain/Byzantin",
      "region": "Kasserine",
      "source": "Rapport de fouilles",
      "date_creation": "2025-12-11",
      "langue": "fr",
      "type_document": "architecture",
      "unesco": false,
      "unesco_annee": "",
      "credibilite": 0.8,
      "mots_cles": "Haïdra, architecture, Romain, Tunisie",
      "chunk_index": 0,
      "parent_doc_id": "haïdra_architecture_42",
      "parent_title": "Haïdra - Architecture",
      "text_length": 225,
      "num_sentences": 3
    }
  },
  {
    "id": "haïdra_fouilles_43_chunk_0a7e9707",
    "text": "Les recherches en cours à Haïdra révèlent de nouvelles informations sur les pratiques funéraires. Des projets éducatifs sont développés pour valoriser le patrimoine de Haïdra. Des projets éducatifs sont développés pour valoriser le patrimoine de Haïdra.",
    "metadata": {
      "site_archaeologique": "Haïdra",
      "periode": "Romain/Byzantin",
      "region": "Kasserine",
      "source": "Institut National du Patrimoine (INP)",
      "date_creation": "2025-12-11",
      "langue": "fr",
      "type_document": "fouilles",
      "unesco": false,
      "unesco_annee": "",
      "credibilite": 0.8,
      "mots_cles": "Haïdra, fouilles, Romain, Tunisie",
      "chunk_index": 0,
      "parent_doc_id": "haïdra_fouilles_43",
      "parent_title": "Haïdra - Fouilles",
      "text_length": 253,
      "num_sentences": 3
    }
  },
  {
    "id": "haïdra_conservation_44_chunk_36287c1c",
    "text": "Le site de Haïdra fait lobjet dun programme de conservation depuis 2015. Le site attire chaque année des milliers de visiteurs et de chercheurs. Le site attire chaque année des milliers de visiteurs et de chercheurs.",
    "metadata": {
      "site_archaeologique": "Haïdra",
      "periode": "Romain/Byzantin",
      "region": "Kasserine",
      "source": "Rapport de fouilles",
      "date_creation": "2025-12-11",
      "langue": "fr",
      "type_document": "conservation",
      "unesco": false,
      "unesco_annee": "",
      "credibilite": 0.8,
      "mots_cles": "Haïdra, conservation, Romain, Tunisie",
      "chunk_index": 0,
      "parent_doc_id": "haïdra_conservation_44",
      "parent_title": "Haïdra - Conservation",
      "text_length": 216,
      "num_sentences": 3
    }
  },
  {
    "id": "haïdra_visite_45_chunk_9f758cb2",
    "text": "Haïdra est ouvert au public tous les jours de 9h à 17h. Des études récentes ont permis de mieux comprendre lorganisation urbaine de Haïdra. Des projets éducatifs sont développés pour valoriser le patrimoine de Haïdra.",
    "metadata": {
      "site_archaeologique": "Haïdra",
      "periode": "Romain/Byzantin",
      "region": "Kasserine",
      "source": "Article académique",
      "date_creation": "2025-12-11",
      "langue": "fr",
      "type_document": "visite",
      "unesco": false,
      "unesco_annee": "",
      "credibilite": 0.8,
      "mots_cles": "Haïdra, visite, Romain, Tunisie",
      "chunk_index": 0,
      "parent_doc_id": "haïdra_visite_45",
      "parent_title": "Haïdra - Visite",
      "text_length": 217,
      "num_sentences": 3
    }
  },
  {
    "id": "kerkouane_histoire_21_chunk_1810bd33",
    "text": "Fondé au IIIe siècle ap. J.-C., Kerkouane a joué un rôle majeur dans lhistoire de la Tunisie antique. Les autorités tunisiennes, en collaboration avec lUNESCO, travaillent à la préservation de Kerkouane. Les autorités tunisiennes, en collaboration avec lUNESCO, travaillent à la préservation de Kerkouane.",
    "metadata": {
      "site_archaeologique": "Kerkouane",
      "periode": "Punique",
      "region": "Nabeul",
      "source": "Wikipedia",
      "date_creation": "2025-12-11",
      "langue": "fr",
      "type_document": "histoire",
      "unesco": true,
      "unesco_annee": 1985,
      "credibilite": 0.8,
      "mots_cles": "Kerkouane, histoire, Punique, Tunisie",
      "chunk_index": 0,
      "parent_doc_id": "kerkouane_histoire_21",
      "parent_title": "Kerkouane - Histoire",
      "text_length": 305,
      "num_sentences": 4
    }
  },
  {
    "id": "kerkouane_architecture_22_chunk_f4454d56",
    "text": "Larchitecture de Kerkouane témoigne dune influence punique marquée. Le site attire chaque année des milliers de visiteurs et de chercheurs. Des projets éducatifs sont développés pour valoriser le patrimoine de Kerkouane.",
    "metadata": {
      "site_archaeologique": "Kerkouane",
      "periode": "Punique",
      "region": "Nabeul",
      "source": "UNESCO",
      "date_creation": "2025-12-11",
      "langue": "fr",
      "type_document": "architecture",
      "unesco": true,
      "unesco_annee": 1985,
      "credibilite": 0.9,
      "mots_cles": "Kerkouane, architecture, Punique, Tunisie",
      "chunk_index": 0,
      "parent_doc_id": "kerkouane_architecture_22",
      "parent_title": "Kerkouane - Architecture",
      "text_length": 220,
      "num_sentences": 3
    }
  },
  {
    "id": "kerkouane_fouilles_23_chunk_98f0569d",
    "text": "Les archéologues ont découvert à Kerkouane des céramiques sigillées exceptionnellement bien préservés. Des projets éducatifs sont développés pour valoriser le patrimoine de Kerkouane. Des projets éducatifs sont développés pour valoriser le patrimoine de Kerkouane.",
    "metadata": {
      "site_archaeologique": "Kerkouane",
      "periode": "Punique",
      "region": "Nabeul",
      "source": "Institut National du Patrimoine (INP)",
      "date_creation": "2025-12-11",
      "langue": "fr",
      "type_document": "fouilles",
      "unesco": true,
      "unesco_annee": 1985,
      "credibilite": 0.8,
      "mots_cles": "Kerkouane, fouilles, Punique, Tunisie",
      "chunk_index": 0,
      "parent_doc_id": "kerkouane_fouilles_23",
      "parent_title": "Kerkouane - Fouilles",
      "text_length": 264,
      "num_sentences": 3
    }
  },
  {
    "id": "kerkouane_conservation_24_chunk_4c491587",
    "text": "Les défis de conservation incluent les infiltrations deau. Le site attire chaque année des milliers de visiteurs et de chercheurs. Des études récentes ont permis de mieux comprendre lorganisation urbaine de Kerkouane.",
    "metadata": {
      "site_archaeologique": "Kerkouane",
      "periode": "Punique",
      "region": "Nabeul",
      "source": "Article académique",
      "date_creation": "2025-12-11",
      "langue": "fr",
      "type_document": "conservation",
      "unesco": true,
      "unesco_annee": 1985,
      "credibilite": 0.8,
      "mots_cles": "Kerkouane, conservation, Punique, Tunisie",
      "chunk_index": 0,
      "parent_doc_id": "kerkouane_conservation_24",
      "parent_title": "Kerkouane - Conservation",
      "text_length": 217,
      "num_sentences": 3
    }
  },
  {
    "id": "kerkouane_visite_25_chunk_1282e46d",
    "text": "Kerkouane est ouvert au public tous les jours de 8h à 18h en été. Des projets éducatifs sont développés pour valoriser le patrimoine de Kerkouane. Les autorités tunisiennes, en collaboration avec lUNESCO, travaillent à la préservation de Kerkouane.",
    "metadata": {
      "site_archaeologique": "Kerkouane",
      "periode": "Punique",
      "region": "Nabeul",
      "source": "Guide officiel",
      "date_creation": "2025-12-11",
      "langue": "fr",
      "type_document": "visite",
      "unesco": true,
      "unesco_annee": 1985,
      "credibilite": 0.8,
      "mots_cles": "Kerkouane, visite, Punique, Tunisie",
      "chunk_index": 0,
      "parent_doc_id": "kerkouane_visite_25",
      "parent_title": "Kerkouane - Visite",
      "text_length": 248,
      "num_sentences": 3
    }
  },
  {
    "id": "makthar_histoire_46_chunk_69f4f284",
    "text": "Fondé au IIIe siècle ap. J.-C., Makthar a joué un rôle majeur dans lhistoire de la Tunisie antique. Des études récentes ont permis de mieux comprendre lorganisation urbaine de Makthar. Le site attire chaque année des milliers de visiteurs et de chercheurs.",
    "metadata": {
      "site_archaeologique": "Makthar",
      "periode": "Numide/Romain",
      "region": "Siliana",
      "source": "Wikipedia",
      "date_creation": "2025-12-11",
      "langue": "fr",
      "type_document": "histoire",
      "unesco": false,
      "unesco_annee": "",
      "credibilite": 0.8,
      "mots_cles": "Makthar, histoire, Numide, Tunisie",
      "chunk_index": 0,
      "parent_doc_id": "makthar_histoire_46",
      "parent_title": "Makthar - Histoire",
      "text_length": 256,
      "num_sentences": 4
    }
  },
  {
    "id": "makthar_architecture_47_chunk_b60eb92e",
    "text": "Larchitecture de Makthar témoigne dune influence punique marquée. Des études récentes ont permis de mieux comprendre lorganisation urbaine de Makthar. Des projets éducatifs sont développés pour valoriser le patrimoine de Makthar.",
    "metadata": {
      "site_archaeologique": "Makthar",
      "periode": "Numide/Romain",
      "region": "Siliana",
      "source": "Rapport de fouilles",
      "date_creation": "2025-12-11",
      "langue": "fr",
      "type_document": "architecture",
      "unesco": false,
      "unesco_annee": "",
      "credibilite": 0.8,
      "mots_cles": "Makthar, architecture, Numide, Tunisie",
      "chunk_index": 0,
      "parent_doc_id": "makthar_architecture_47",
      "parent_title": "Makthar - Architecture",
      "text_length": 229,
      "num_sentences": 3
    }
  },
  {
    "id": "makthar_fouilles_48_chunk_4e7d0111",
    "text": "Les archéologues ont découvert à Makthar des céramiques sigillées exceptionnellement bien préservés. Le site attire chaque année des milliers de visiteurs et de chercheurs. Le site attire chaque année des milliers de visiteurs et de chercheurs.",
    "metadata": {
      "site_archaeologique": "Makthar",
      "periode": "Numide/Romain",
      "region": "Siliana",
      "source": "Institut National du Patrimoine (INP)",
      "date_creation": "2025-12-11",
      "langue": "fr",
      "type_document": "fouilles",
      "unesco": false,
      "unesco_annee": "",
      "credibilite": 0.8,
      "mots_cles": "Makthar, fouilles, Numide, Tunisie",
      "chunk_index": 0,
      "parent_doc_id": "makthar_fouilles_48",
      "parent_title": "Makthar - Fouilles",
      "text_length": 244,
      "num_sentences": 3
    }
  },
  {
    "id": "makthar_conservation_49_chunk_340e0fde",
    "text": "Le site de Makthar fait lobjet dun programme de conservation depuis 2018. Le site attire chaque année des milliers de visiteurs et de chercheurs. Le site attire chaque année des milliers de visiteurs et de chercheurs.",
    "metadata": {
      "site_archaeologique": "Makthar",
      "periode": "Numide/Romain",
      "region": "Siliana",
      "source": "Article académique",
      "date_creation": "2025-12-11",
      "langue": "fr",
      "type_document": "conservation",
      "unesco": false,
      "unesco_annee": "",
      "credibilite": 0.8,
      "mots_cles": "Makthar, conservation, Numide, Tunisie",
      "chunk_index": 0,
      "parent_doc_id": "makthar_conservation_49",
      "parent_title": "Makthar - Conservation",
      "text_length": 217,
      "num_sentences": 3
    }
  },
  {
    "id": "makthar_visite_50_chunk_99b51623",
    "text": "Le musée du site présente des collections de objets domestiques. Le site attire chaque année des milliers de visiteurs et de chercheurs. Les autorités tunisiennes, en collaboration avec lUNESCO, travaillent à la préservation de Makthar.",
    "metadata": {
      "site_archaeologique": "Makthar",
      "periode": "Numide/Romain",
      "region": "Siliana",
      "source": "Guide officiel",
      "date_creation": "2025-12-11",
      "langue": "fr",
      "type_document": "visite",
      "unesco": false,
      "unesco_annee": "",
      "credibilite": 0.8,
      "mots_cles": "Makthar, visite, Numide, Tunisie",
      "chunk_index": 0,
      "parent_doc_id": "makthar_visite_50",
      "parent_title": "Makthar - Visite",
      "text_length": 236,
      "num_sentences": 3
    }
  },
  {
    "id": "sbeitla_histoire_16_chunk_b5a4e3e4",
    "text": "Les fouilles archéologiques ont révélé que Sbeitla était un important centre commercial. Le site attire chaque année des milliers de visiteurs et de chercheurs. Le site attire chaque année des milliers de visiteurs et de chercheurs.",
    "metadata": {
      "site_archaeologique": "Sbeitla",
      "periode": "Romain/Byzantin",
      "region": "Kasserine",
      "source": "Wikipedia",
      "date_creation": "2025-12-11",
      "langue": "fr",
      "type_document": "histoire",
      "unesco": false,
      "unesco_annee": "",
      "credibilite": 0.8,
      "mots_cles": "Sbeitla, histoire, Romain, Tunisie",
      "chunk_index": 0,
      "parent_doc_id": "sbeitla_histoire_16",
      "parent_title": "Sbeitla - Histoire",
      "text_length": 232,
      "num_sentences": 3
    }
  },
  {
    "id": "sbeitla_architecture_17_chunk_ccb36866",
    "text": "Le site de Sbeitla présente des caractéristiques architecturales remarquables comme thermes avec hypocauste. Les autorités tunisiennes, en collaboration avec lUNESCO, travaillent à la préservation de Sbeitla. Le site attire chaque année des milliers de visiteurs et de chercheurs.",
    "metadata": {
      "site_archaeologique": "Sbeitla",
      "periode": "Romain/Byzantin",
      "region": "Kasserine",
      "source": "Article académique",
      "date_creation": "2025-12-11",
      "langue": "fr",
      "type_document": "architecture",
      "unesco": false,
      "unesco_annee": "",
      "credibilite": 0.8,
      "mots_cles": "Sbeitla, architecture, Romain, Tunisie",
      "chunk_index": 0,
      "parent_doc_id": "sbeitla_architecture_17",
      "parent_title": "Sbeitla - Architecture",
      "text_length": 280,
      "num_sentences": 3
    }
  },
  {
    "id": "sbeitla_fouilles_18_chunk_e036f6bb",
    "text": "Les campagnes de fouilles récentes (2020-2023) ont mis au jour des inscriptions latines. Des projets éducatifs sont développés pour valoriser le patrimoine de Sbeitla. Des études récentes ont permis de mieux comprendre lorganisation urbaine de Sbeitla.",
    "metadata": {
      "site_archaeologique": "Sbeitla",
      "periode": "Romain/Byzantin",
      "region": "Kasserine",
      "source": "Institut National du Patrimoine (INP)",
      "date_creation": "2025-12-11",
      "langue": "fr",
      "type_document": "fouilles",
      "unesco": false,
      "unesco_annee": "",
      "credibilite": 0.8,
      "mots_cles": "Sbeitla, fouilles, Romain, Tunisie",
      "chunk_index": 0,
      "parent_doc_id": "sbeitla_fouilles_18",
      "parent_title": "Sbeitla - Fouilles",
      "text_length": 252,
      "num_sentences": 3
    }
  },
  {
    "id": "sbeitla_conservation_19_chunk_f6b7101c",
    "text": "Le site de Sbeitla fait lobjet dun programme de conservation depuis 2018. Des projets éducatifs sont développés pour valoriser le patrimoine de Sbeitla. Des études récentes ont permis de mieux comprendre lorganisation urbaine de Sbeitla.",
    "metadata": {
      "site_archaeologique": "Sbeitla",
      "periode": "Romain/Byzantin",
      "region": "Kasserine",
      "source": "Guide officiel",
      "date_creation": "2025-12-11",
      "langue": "fr",
      "type_document": "conservation",
      "unesco": false,
      "unesco_annee": "",
      "credibilite": 0.8,
      "mots_cles": "Sbeitla, conservation, Romain, Tunisie",
      "chunk_index": 0,
      "parent_doc_id": "sbeitla_conservation_19",
      "parent_title": "Sbeitla - Conservation",
      "text_length": 237,
      "num_sentences": 3
    }
  },
  {
    "id": "sbeitla_visite_20_chunk_78d2c4bc",
    "text": "Le musée du site présente des collections de sculptures. Des projets éducatifs sont développés pour valoriser le patrimoine de Sbeitla. Le site attire chaque année des milliers de visiteurs et de chercheurs.",
    "metadata": {
      "site_archaeologique": "Sbeitla",
      "periode": "Romain/Byzantin",
      "region": "Kasserine",
      "source": "Article académique",
      "date_creation": "2025-12-11",
      "langue": "fr",
      "type_document": "visite",
      "unesco": false,
      "unesco_annee": "",
      "credibilite": 0.8,
      "mots_cles": "Sbeitla, visite, Romain, Tunisie",
      "chunk_index": 0,
      "parent_doc_id": "sbeitla_visite_20",
      "parent_title": "Sbeitla - Visite",
      "text_length": 207,
      "num_sentences": 3
    }
  },
  {
    "id": "thuburbo_majus_histoire_36_chunk_ed3ebe7e",
    "text": "Lhistoire de Thuburbo Majus sétend sur plusieurs siècles, avec des occupations Romain. Des études récentes ont permis de mieux comprendre lorganisation urbaine de Thuburbo Majus. Les autorités tunisiennes, en collaboration avec lUNESCO, travaillent à la préservation de Thuburbo Majus.",
    "metadata": {
      "site_archaeologique": "Thuburbo Majus",
      "periode": "Romain",
      "region": "Zaghouan",
      "source": "Wikipedia",
      "date_creation": "2025-12-11",
      "langue": "fr",
      "type_document": "histoire",
      "unesco": false,
      "unesco_annee": "",
      "credibilite": 0.8,
      "mots_cles": "Thuburbo Majus, histoire, Romain, Tunisie",
      "chunk_index": 0,
      "parent_doc_id": "thuburbo_majus_histoire_36",
      "parent_title": "Thuburbo Majus - Histoire",
      "text_length": 285,
      "num_sentences": 3
    }
  },
  {
    "id": "thuburbo_majus_architecture_37_chunk_6cc57fdf",
    "text": "Parmi les monuments les mieux conservés : le Capitole. Le site attire chaque année des milliers de visiteurs et de chercheurs. Les autorités tunisiennes, en collaboration avec lUNESCO, travaillent à la préservation de Thuburbo Majus.",
    "metadata": {
      "site_archaeologique": "Thuburbo Majus",
      "periode": "Romain",
      "region": "Zaghouan",
      "source": "Rapport de fouilles",
      "date_creation": "2025-12-11",
      "langue": "fr",
      "type_document": "architecture",
      "unesco": false,
      "unesco_annee": "",
      "credibilite": 0.8,
      "mots_cles": "Thuburbo Majus, architecture, Romain, Tunisie",
      "chunk_index": 0,
      "parent_doc_id": "thuburbo_majus_architecture_37",
      "parent_title": "Thuburbo Majus - Architecture",
      "text_length": 233,
      "num_sentences": 3
    }
  },
  {
    "id": "thuburbo_majus_fouilles_38_chunk_1816ebba",
    "text": "Les archéologues ont découvert à Thuburbo Majus des monnaies romaines exceptionnellement bien préservés. Le site attire chaque année des milliers de visiteurs et de chercheurs. Le site attire chaque année des milliers de visiteurs et de chercheurs.",
    "metadata": {
      "site_archaeologique": "Thuburbo Majus",
      "periode": "Romain",
      "region": "Zaghouan",
      "source": "Institut National du Patrimoine (INP)",
      "date_creation": "2025-12-11",
      "langue": "fr",
      "type_document": "fouilles",
      "unesco": false,
      "unesco_annee": "",
      "credibilite": 0.8,
      "mots_cles": "Thuburbo Majus, fouilles, Romain, Tunisie",
      "chunk_index": 0,
      "parent_doc_id": "thuburbo_majus_fouilles_38",
      "parent_title": "Thuburbo Majus - Fouilles",
      "text_length": 248,
      "num_sentences": 3
    }
  },
  {
    "id": "thuburbo_majus_conservation_39_chunk_1f6500c5",
    "text": "Des travaux de restauration ont été entrepris pour préserver mosaïques polychromes. Des projets éducatifs sont développés pour valoriser le patrimoine de Thuburbo Majus. Des projets éducatifs sont développés pour valoriser le patrimoine de Thuburbo Majus.",
    "metadata": {
      "site_archaeologique": "Thuburbo Majus",
      "periode": "Romain",
      "region": "Zaghouan",
      "source": "Rapport de fouilles",
      "date_creation": "2025-12-11",
      "langue": "fr",
      "type_document": "conservation",
      "unesco": false,
      "unesco_annee": "",
      "credibilite": 0.8,
      "mots_cles": "Thuburbo Majus, conservation, Romain, Tunisie",
      "chunk_index": 0,
      "parent_doc_id": "thuburbo_majus_conservation_39",
      "parent_title": "Thuburbo Majus - Conservation",
      "text_length": 255,
      "num_sentences": 3
    }
  },
  {
    "id": "thuburbo_majus_visite_40_chunk_de17708d",
    "text": "Le musée du site présente des collections de inscriptions. Les autorités tunisiennes, en collaboration avec lUNESCO, travaillent à la préservation de Thuburbo Majus. Le site attire chaque année des milliers de visiteurs et de chercheurs.",
    "metadata": {
      "site_archaeologique": "Thuburbo Majus",
      "periode": "Romain",
      "region": "Zaghouan",
      "source": "Article académique",
      "date_creation": "2025-12-11",
      "langue": "fr",
      "type_document": "visite",
      "unesco": false,
      "unesco_annee": "",
      "credibilite": 0.8,
      "mots_cles": "Thuburbo Majus, visite, Romain, Tunisie",
      "chunk_index": 0,
      "parent_doc_id": "thuburbo_majus_visite_40",
      "parent_title": "Thuburbo Majus - Visite",
      "text_length": 237,
      "num_sentences": 3
    }
  },
  {
    "id": "utique_histoire_31_chunk_9d714b9b",
    "text": "Lhistoire de Utique sétend sur plusieurs siècles, avec des occupations Punique. Des projets éducatifs sont développés pour valoriser le patrimoine de Utique. Le site attire chaque année des milliers de visiteurs et de chercheurs.",
    "metadata": {
      "site_archaeologique": "Utique",
      "periode": "Punique",
      "region": "Bizerte",
      "source": "Wikipedia",
      "date_creation": "2025-12-11",
      "langue": "fr",
      "type_document": "histoire",
      "unesco": false,
      "unesco_annee": "",
      "credibilite": 0.8,
      "mots_cles": "Utique, histoire, Punique, Tunisie",
      "chunk_index": 0,
      "parent_doc_id": "utique_histoire_31",
      "parent_title": "Utique - Histoire",
      "text_length": 229,
      "num_sentences": 3
    }
  },
  {
    "id": "utique_architecture_32_chunk_d996169a",
    "text": "Larchitecture de Utique témoigne dune influence romaine marquée. Des études récentes ont permis de mieux comprendre lorganisation urbaine de Utique. Les autorités tunisiennes, en collaboration avec lUNESCO, travaillent à la préservation de Utique.",
    "metadata": {
      "site_archaeologique": "Utique",
      "periode": "Punique",
      "region": "Bizerte",
      "source": "Rapport de fouilles",
      "date_creation": "2025-12-11",
      "langue": "fr",
      "type_document": "architecture",
      "unesco": false,
      "unesco_annee": "",
      "credibilite": 0.8,
      "mots_cles": "Utique, architecture, Punique, Tunisie",
      "chunk_index": 0,
      "parent_doc_id": "utique_architecture_32",
      "parent_title": "Utique - Architecture",
      "text_length": 247,
      "num_sentences": 3
    }
  },
  {
    "id": "utique_fouilles_33_chunk_0cf7002a",
    "text": "Les campagnes de fouilles récentes (2020-2023) ont mis au jour un système hydraulique complexe. Le site attire chaque année des milliers de visiteurs et de chercheurs. Le site attire chaque année des milliers de visiteurs et de chercheurs.",
    "metadata": {
      "site_archaeologique": "Utique",
      "periode": "Punique",
      "region": "Bizerte",
      "source": "Institut National du Patrimoine (INP)",
      "date_creation": "2025-12-11",
      "langue": "fr",
      "type_document": "fouilles",
      "unesco": false,
      "unesco_annee": "",
      "credibilite": 0.8,
      "mots_cles": "Utique, fouilles, Punique, Tunisie",
      "chunk_index": 0,
      "parent_doc_id": "utique_fouilles_33",
      "parent_title": "Utique - Fouilles",
      "text_length": 239,
      "num_sentences": 3
    }
  },
  {
    "id": "utique_conservation_34_chunk_aacd135a",
    "text": "Des travaux de restauration ont été entrepris pour préserver mosaïques polychromes. Les autorités tunisiennes, en collaboration avec lUNESCO, travaillent à la préservation de Utique. Les autorités tunisiennes, en collaboration avec lUNESCO, travaillent à la préservation de Utique.",
    "metadata": {
      "site_archaeologique": "Utique",
      "periode": "Punique",
      "region": "Bizerte",
      "source": "Guide officiel",
      "date_creation": "2025-12-11",
      "langue": "fr",
      "type_document": "conservation",
      "unesco": false,
      "unesco_annee": "",
      "credibilite": 0.8,
      "mots_cles": "Utique, conservation, Punique, Tunisie",
      "chunk_index": 0,
      "parent_doc_id": "utique_conservation_34",
      "parent_title": "Utique - Conservation",
      "text_length": 281,
      "num_sentences": 3
    }
  },
  {
    "id": "utique_visite_35_chunk_108729da",
    "text": "Des guides touristiques sont disponibles en français et arabe. Des projets éducatifs sont développés pour valoriser le patrimoine de Utique. Des études récentes ont permis de mieux comprendre lorganisation urbaine de Utique.",
    "metadata": {
      "site_archaeologique": "Utique",
      "periode": "Punique",
      "region": "Bizerte",
      "source": "Guide officiel",
      "date_creation": "2025-12-11",
      "langue": "fr",
      "type_document": "visite",
      "unesco": false,
      "unesco_annee": "",
      "credibilite": 0.8,
      "mots_cles": "Utique, visite, Punique, Tunisie",
      "chunk_index": 0,
      "parent_doc_id": "utique_visite_35",
      "parent_title": "Utique - Visite",
      "text_length": 224,
      "num_sentences": 3
    }
  }
]