{
  "id": "carthage_architecture_2",
  "title": "Carthage - Architecture",
  "content": "Parmi les monuments les mieux conservés : le théâtre.\n\nLe site attire chaque année des milliers de visiteurs et de chercheurs.\n\nLe site attire chaque année des milliers de visiteurs et de chercheurs.",
  "metadata": {
    "site_archaeologique": "Carthage",
    "periode": "Punique/Romain",
    "region": "Tunis",
    "source": "UNESCO",
    "date_creation": "2025-12-11",
    "langue": "fr",
    "type_document": "architecture",
    "unesco": true,
    "unesco_annee": 1979,
    "credibilite": 0.9,
    "mots_cles": [
      "Carthage",
      "architecture",
      "Punique",
      "Tunisie"
    ]
  }
}