{
  "id": "thuburbo_majus_article_3",
  "title": "Thuburbo Majus - Article",
  "content": "Étude archéologique de Thuburbo Majus : analyses récentes.\n\nFouilles et découvertes à Thuburbo Majus : état des lieux.\n\nPatrimoine et conservation à Thuburbo Majus : défis et perspectives.\n\nArchitecture et urbanisme de Thuburbo Majus : caractéristiques principales.\n\nThuburbo Majus dans l'antiquité : rôle historique et économique.",
  "metadata": {
    "site_archaeologique": "Thuburbo Majus",
    "periode": "Romain",
    "source": "article",
    "date_collecte": "2025-12-11",
    "langue": "fr",
    "type": "académique",
    "fiabilite": 0.85,
    "mots_cles": [
      "Thuburbo Majus",
      "archéologie",
      "Tunisie",
      "article"
    ]
  }
}