{
  "id": "makthar_conservation_49",
  "title": "Makthar - Conservation",
  "content": "Le site de Makthar fait l'objet d'un programme de conservation depuis 2018.\n\nLe site attire chaque année des milliers de visiteurs et de chercheurs.\n\nLe site attire chaque année des milliers de visiteurs et de chercheurs.",
  "metadata": {
    "site_archaeologique": "Makthar",
    "periode": "Numide/Romain",
    "region": "Siliana",
    "source": "Article académique",
    "date_creation": "2025-12-11",
    "langue": "fr",
    "type_document": "conservation",
    "unesco": false,
    "unesco_annee": null,
    "credibilite": 0.8,
    "mots_cles": [
      "Makthar",
      "conservation",
      "Numide",
      "Tunisie"
    ]
  }
}