{
  "id": "carthage_histoire_1",
  "title": "Carthage - Histoire",
  "content": "L'histoire de Carthage s'étend sur plusieurs siècles, avec des occupations Punique/Romain.\n\nDes études récentes ont permis de mieux comprendre l'organisation urbaine de Carthage.\n\nLe site attire chaque année des milliers de visiteurs et de chercheurs.",
  "metadata": {
    "site_archaeologique": "Carthage",
    "periode": "Punique/Romain",
    "region": "Tunis",
    "source": "Wikipedia",
    "date_creation": "2025-12-11",
    "langue": "fr",
    "type_document": "histoire",
    "unesco": true,
    "unesco_annee": 1979,
    "credibilite": 0.8,
    "mots_cles": [
      "Carthage",
      "histoire",
      "Punique",
      "Tunisie"
    ]
  }
}