{
  "id": "article_eljem_1765482225",
  "title": "Étude sur eljem",
  "content": "L'AMPHITHÉÂTRE D'EL JEM : COLOSSE AFRICAIN\n            Construit vers 238 ap. J.-C. sous le proconsulat de Gordien, l'amphithéâtre d'El Jem est le plus grand du monde romain après le Colisée de Rome et l'amphithéâtre de Capoue.\n            \n            CARACTÉRISTIQUES TECHNIQUES\n            - Dimensions : 148 m (grand axe) × 124 m (petit axe)\n            - Hauteur : 36 m (origine), 30 m (actuelle)\n            - Capacité : 30 000 à 35 000 spectateurs\n            - Arène : 65 m × 37 m\n            - 3 niveaux d'arcades, 68 vomitoires\n            \n            CONSTRUCTION\n            Édifié en pierre de taille locale (calcaire), sans mortier, utilisant la technique de l'opus quadratum. L'acoustique est remarquable : un murmure au centre de l'arène est audible dans tout l'édifice.",
  "metadata": {
    "site_archaeologique": "eljem",
    "source": "Article académique",
    "langue": "fr",
    "date_collecte": "2025-12-11",
    "type": "académique",
    "credibilite": 0.9
  }
}