{
  "id": "dougga_histoire_6",
  "title": "Dougga - Histoire",
  "content": "L'histoire de Dougga s'étend sur plusieurs siècles, avec des occupations Numide/Romain.\n\nDes projets éducatifs sont développés pour valoriser le patrimoine de Dougga.\n\nLes autorités tunisiennes, en collaboration avec l'UNESCO, travaillent à la préservation de Dougga.",
  "metadata": {
    "site_archaeologique": "Dougga",
    "periode": "Numide/Romain",
    "region": "Béja",
    "source": "Wikipedia",
    "date_creation": "2025-12-11",
    "langue": "fr",
    "type_document": "histoire",
    "unesco": true,
    "unesco_annee": 1997,
    "credibilite": 0.8,
    "mots_cles": [
      "Dougga",
      "histoire",
      "Numide",
      "Tunisie"
    ]
  }
}