{
  "id": "musti_article_5",
  "title": "Musti - Article",
  "content": "Étude archéologique de Musti : analyses récentes.\n\nFouilles et découvertes à Musti : état des lieux.\n\nPatrimoine et conservation à Musti : défis et perspectives.\n\nArchitecture et urbanisme de Musti : caractéristiques principales.\n\nMusti dans l'antiquité : rôle historique et économique.",
  "metadata": {
    "site_archaeologique": "Musti",
    "periode": "Antiquité",
    "source": "article",
    "date_collecte": "2025-12-11",
    "langue": "fr",
    "type": "académique",
    "fiabilite": 0.85,
    "mots_cles": [
      "Musti",
      "archéologie",
      "Tunisie",
      "article"
    ]
  }
}