{
  "id": "el_jem_conservation_14",
  "title": "El Jem - Conservation",
  "content": "Le site de El Jem fait l'objet d'un programme de conservation depuis 2018.\n\nDes projets éducatifs sont développés pour valoriser le patrimoine de El Jem.\n\nLe site attire chaque année des milliers de visiteurs et de chercheurs.",
  "metadata": {
    "site_archaeologique": "El Jem",
    "periode": "Romain",
    "region": "Mahdia",
    "source": "Rapport de fouilles",
    "date_creation": "2025-12-11",
    "langue": "fr",
    "type_document": "conservation",
    "unesco": true,
    "unesco_annee": 1979,
    "credibilite": 0.8,
    "mots_cles": [
      "El Jem",
      "conservation",
      "Romain",
      "Tunisie"
    ]
  }
}