{
  "id": "carthage_fouilles_3",
  "title": "Carthage - Fouilles",
  "content": "Les recherches en cours à Carthage révèlent de nouvelles informations sur l'urbanisme antique.\n\nDes études récentes ont permis de mieux comprendre l'organisation urbaine de Carthage.\n\nLe site attire chaque année des milliers de visiteurs et de chercheurs.",
  "metadata": {
    "site_archaeologique": "Carthage",
    "periode": "Punique/Romain",
    "region": "Tunis",
    "source": "Institut National du Patrimoine (INP)",
    "date_creation": "2025-12-11",
    "langue": "fr",
    "type_document": "fouilles",
    "unesco": true,
    "unesco_annee": 1979,
    "credibilite": 0.8,
    "mots_cles": [
      "Carthage",
      "fouilles",
      "Punique",
      "Tunisie"
    ]
  }
}