{
  "id": "haïdra_article_4",
  "title": "Haïdra - Article",
  "content": "Étude archéologique de Haïdra : analyses récentes.\n\nFouilles et découvertes à Haïdra : état des lieux.\n\nPatrimoine et conservation à Haïdra : défis et perspectives.\n\nArchitecture et urbanisme de Haïdra : caractéristiques principales.\n\nHaïdra dans l'antiquité : rôle historique et économique.",
  "metadata": {
    "site_archaeologique": "Haïdra",
    "periode": "Romain, Byzantin",
    "source": "article",
    "date_collecte": "2025-12-11",
    "langue": "fr",
    "type": "académique",
    "fiabilite": 0.85,
    "mots_cles": [
      "Haïdra",
      "archéologie",
      "Tunisie",
      "article"
    ]
  }
}