{
  "id": "el_jem_fouilles_13",
  "title": "El Jem - Fouilles",
  "content": "Les recherches en cours à El Jem révèlent de nouvelles informations sur l'urbanisme antique.\n\nLes autorités tunisiennes, en collaboration avec l'UNESCO, travaillent à la préservation de El Jem.\n\nLe site attire chaque année des milliers de visiteurs et de chercheurs.",
  "metadata": {
    "site_archaeologique": "El Jem",
    "periode": "Romain",
    "region": "Mahdia",
    "source": "Institut National du Patrimoine (INP)",
    "date_creation": "2025-12-11",
    "langue": "fr",
    "type_document": "fouilles",
    "unesco": true,
    "unesco_annee": 1979,
    "credibilite": 0.8,
    "mots_cles": [
      "El Jem",
      "fouilles",
      "Romain",
      "Tunisie"
    ]
  }
}