{
  "id": "bulla_regia_histoire_26",
  "title": "Bulla Regia - Histoire",
  "content": "Fondé au IIe siècle av. J.-C., Bulla Regia a joué un rôle majeur dans l'histoire de la Tunisie antique.\n\nLe site attire chaque année des milliers de visiteurs et de chercheurs.\n\nDes études récentes ont permis de mieux comprendre l'organisation urbaine de Bulla Regia.",
  "metadata": {
    "site_archaeologique": "Bulla Regia",
    "periode": "Numide/Romain",
    "region": "Jendouba",
    "source": "Wikipedia",
    "date_creation": "2025-12-11",
    "langue": "fr",
    "type_document": "histoire",
    "unesco": false,
    "unesco_annee": null,
    "credibilite": 0.8,
    "mots_cles": [
      "Bulla Regia",
      "histoire",
      "Numide",
      "Tunisie"
    ]
  }
}