{
  "id": "thyna_article_3",
  "title": "Thyna - Article",
  "content": "Étude archéologique de Thyna : analyses récentes.\n\nFouilles et découvertes à Thyna : état des lieux.\n\nPatrimoine et conservation à Thyna : défis et perspectives.\n\nArchitecture et urbanisme de Thyna : caractéristiques principales.\n\nThyna dans l'antiquité : rôle historique et économique.",
  "metadata": {
    "site_archaeologique": "Thyna",
    "periode": "Antiquité",
    "source": "article",
    "date_collecte": "2025-12-11",
    "langue": "fr",
    "type": "académique",
    "fiabilite": 0.85,
    "mots_cles": [
      "Thyna",
      "archéologie",
      "Tunisie",
      "article"
    ]
  }
}