{
  "id": "thuburbo_majus_histoire_36",
  "title": "Thuburbo Majus - Histoire",
  "content": "L'histoire de Thuburbo Majus s'étend sur plusieurs siècles, avec des occupations Romain.\n\nDes études récentes ont permis de mieux comprendre l'organisation urbaine de Thuburbo Majus.\n\nLes autorités tunisiennes, en collaboration avec l'UNESCO, travaillent à la préservation de Thuburbo Majus.",
  "metadata": {
    "site_archaeologique": "Thuburbo Majus",
    "periode": "Romain",
    "region": "Zaghouan",
    "source": "Wikipedia",
    "date_creation": "2025-12-11",
    "langue": "fr",
    "type_document": "histoire",
    "unesco": false,
    "unesco_annee": null,
    "credibilite": 0.8,
    "mots_cles": [
      "Thuburbo Majus",
      "histoire",
      "Romain",
      "Tunisie"
    ]
  }
}