{
  "id": "kerkouane_histoire_21",
  "title": "Kerkouane - Histoire",
  "content": "Fondé au IIIe siècle ap. J.-C., Kerkouane a joué un rôle majeur dans l'histoire de la Tunisie antique.\n\nLes autorités tunisiennes, en collaboration avec l'UNESCO, travaillent à la préservation de Kerkouane.\n\nLes autorités tunisiennes, en collaboration avec l'UNESCO, travaillent à la préservation de Kerkouane.",
  "metadata": {
    "site_archaeologique": "Kerkouane",
    "periode": "Punique",
    "region": "Nabeul",
    "source": "Wikipedia",
    "date_creation": "2025-12-11",
    "langue": "fr",
    "type_document": "histoire",
    "unesco": true,
    "unesco_annee": 1985,
    "credibilite": 0.8,
    "mots_cles": [
      "Kerkouane",
      "histoire",
      "Punique",
      "Tunisie"
    ]
  }
}