{
  "id": "makthar_architecture_47",
  "title": "Makthar - Architecture",
  "content": "L'architecture de Makthar témoigne d'une influence punique marquée.\n\nDes études récentes ont permis de mieux comprendre l'organisation urbaine de Makthar.\n\nDes projets éducatifs sont développés pour valoriser le patrimoine de Makthar.",
  "metadata": {
    "site_archaeologique": "Makthar",
    "periode": "Numide/Romain",
    "region": "Siliana",
    "source": "Rapport de fouilles",
    "date_creation": "2025-12-11",
    "langue": "fr",
    "type_document": "architecture",
    "unesco": false,
    "unesco_annee": null,
    "credibilite": 0.8,
    "mots_cles": [
      "Makthar",
      "architecture",
      "Numide",
      "Tunisie"
    ]
  }
}