{
  "id": "haïdra_fouilles_43",
  "title": "Haïdra - Fouilles",
  "content": "Les recherches en cours à Haïdra révèlent de nouvelles informations sur les pratiques funéraires.\n\nDes projets éducatifs sont développés pour valoriser le patrimoine de Haïdra.\n\nDes projets éducatifs sont développés pour valoriser le patrimoine de Haïdra.",
  "metadata": {
    "site_archaeologique": "Haïdra",
    "periode": "Romain/Byzantin",
    "region": "Kasserine",
    "source": "Institut National du Patrimoine (INP)",
    "date_creation": "2025-12-11",
    "langue": "fr",
    "type_document": "fouilles",
    "unesco": false,
    "unesco_annee": null,
    "credibilite": 0.8,
    "mots_cles": [
      "Haïdra",
      "fouilles",
      "Romain",
      "Tunisie"
    ]
  }
}