[
  {
    "id": "carthage_article_3_chunk_5e2e1ccf",
    "text": "Étude archéologique de Carthage : analyses récentes. Fouilles et découvertes à Carthage : état des lieux. Patrimoine et conservation à Carthage : défis et perspectives. Architecture et urbanisme de Carthage : caractéristiques principales. Carthage dans lantiquité : rôle historique et économique.",
    "metadata": {
      "site_archaeologique": "Carthage",
      "periode": "Punique, Romain, Byzantin",
      "source": "article",
      "date_collecte": "2025-12-11",
      "langue": "fr",
      "type": "académique",
      "fiabilite": 0.85,
      "mots_cles": [
        "Carthage",
        "archéologie",
        "Tunisie",
        "article"
      ],
      "unesco_id": 37,
      "patrimoine_mondial": true,
      "chunk_index": 0,
      "parent_doc_id": "carthage_article_3",
      "parent_title": "Carthage - Article",
      "text_length": 296,
      "num_sentences": 5
    }
  },
  {
    "id": "carthage_article_4_chunk_0e2444dc",
    "text": "Étude archéologique de Carthage : analyses récentes. Fouilles et découvertes à Carthage : état des lieux. Patrimoine et conservation à Carthage : défis et perspectives. Architecture et urbanisme de Carthage : caractéristiques principales. Carthage dans lantiquité : rôle historique et économique.",
    "metadata": {
      "site_archaeologique": "Carthage",
      "periode": "Punique, Romain, Byzantin",
      "source": "article",
      "date_collecte": "2025-12-11",
      "langue": "fr",
      "type": "académique",
      "fiabilite": 0.85,
      "mots_cles": [
        "Carthage",
        "archéologie",
        "Tunisie",
        "article"
      ],
      "unesco_id": 37,
      "patrimoine_mondial": true,
      "chunk_index": 0,
      "parent_doc_id": "carthage_article_4",
      "parent_title": "Carthage - Article",
      "text_length": 296,
      "num_sentences": 5
    }
  },
  {
    "id": "carthage_article_5_chunk_6ad781a7",
    "text": "Étude archéologique de Carthage : analyses récentes. Fouilles et découvertes à Carthage : état des lieux. Patrimoine et conservation à Carthage : défis et perspectives. Architecture et urbanisme de Carthage : caractéristiques principales. Carthage dans lantiquité : rôle historique et économique.",
    "metadata": {
      "site_archaeologique": "Carthage",
      "periode": "Punique, Romain, Byzantin",
      "source": "article",
      "date_collecte": "2025-12-11",
      "langue": "fr",
      "type": "académique",
      "fiabilite": 0.85,
      "mots_cles": [
        "Carthage",
        "archéologie",
        "Tunisie",
        "article"
      ],
      "unesco_id": 37,
      "patrimoine_mondial": true,
      "chunk_index": 0,
      "parent_doc_id": "carthage_article_5",
      "parent_title": "Carthage - Article",
      "text_length": 296,
      "num_sentences": 5
    }
  },
  {
    "id": "dougga_article_3_chunk_6d7eb7c6",
    "text": "Étude archéologique de Dougga : analyses récentes. Fouilles et découvertes à Dougga : état des lieux. Patrimoine et conservation à Dougga : défis et perspectives. Architecture et urbanisme de Dougga : caractéristiques principales. Dougga dans lantiquité : rôle historique et économique.",
    "metadata": {
      "site_archaeologique": "Dougga",
      "periode": "Numide, Romain, Byzantin",
      "source": "article",
      "date_collecte": "2025-12-11",
      "langue": "fr",
      "type": "académique",
      "fiabilite": 0.85,
      "mots_cles": [
        "Dougga",
        "archéologie",
        "Tunisie",
        "article"
      ],
      "unesco_id": 794,
      "patrimoine_mondial": true,
      "chunk_index": 0,
      "parent_doc_id": "dougga_article_3",
      "parent_title": "Dougga - Article",
      "text_length": 286,
      "num_sentences": 5
    }
  },
  {
    "id": "dougga_article_4_chunk_8990db79",
    "text": "Étude archéologique de Dougga : analyses récentes. Fouilles et découvertes à Dougga : état des lieux. Patrimoine et conservation à Dougga : défis et perspectives. Architecture et urbanisme de Dougga : caractéristiques principales. Dougga dans lantiquité : rôle historique et économique.",
    "metadata": {
      "site_archaeologique": "Dougga",
      "periode": "Numide, Romain, Byzantin",
      "source": "article",
      "date_collecte": "2025-12-11",
      "langue": "fr",
      "type": "académique",
      "fiabilite": 0.85,
      "mots_cles": [
        "Dougga",
        "archéologie",
        "Tunisie",
        "article"
      ],
      "unesco_id": 794,
      "patrimoine_mondial": true,
      "chunk_index": 0,
      "parent_doc_id": "dougga_article_4",
      "parent_title": "Dougga - Article",
      "text_length": 286,
      "num_sentences": 5
    }
  },
  {
    "id": "dougga_article_5_chunk_642eef6f",
    "text": "Étude archéologique de Dougga : analyses récentes. Fouilles et découvertes à Dougga : état des lieux. Patrimoine et conservation à Dougga : défis et perspectives. Architecture et urbanisme de Dougga : caractéristiques principales. Dougga dans lantiquité : rôle historique et économique.",
    "metadata": {
      "site_archaeologique": "Dougga",
      "periode": "Numide, Romain, Byzantin",
      "source": "article",
      "date_collecte": "2025-12-11",
      "langue": "fr",
      "type": "académique",
      "fiabilite": 0.85,
      "mots_cles": [
        "Dougga",
        "archéologie",
        "Tunisie",
        "article"
      ],
      "unesco_id": 794,
      "patrimoine_mondial": true,
      "chunk_index": 0,
      "parent_doc_id": "dougga_article_5",
      "parent_title": "Dougga - Article",
      "text_length": 286,
      "num_sentences": 5
    }
  },
  {
    "id": "el_jem_article_3_chunk_b32d2de9",
    "text": "Étude archéologique de El Jem : analyses récentes. Fouilles et découvertes à El Jem : état des lieux. Patrimoine et conservation à El Jem : défis et perspectives. Architecture et urbanisme de El Jem : caractéristiques principales. El Jem dans lantiquité : rôle historique et économique.",
    "metadata": {
      "site_archaeologique": "El Jem",
      "periode": "Romain",
      "source": "article",
      "date_collecte": "2025-12-11",
      "langue": "fr",
      "type": "académique",
      "fiabilite": 0.85,
      "mots_cles": [
        "El Jem",
        "archéologie",
        "Tunisie",
        "article"
      ],
      "unesco_id": 38,
      "patrimoine_mondial": true,
      "chunk_index": 0,
      "parent_doc_id": "el_jem_article_3",
      "parent_title": "El Jem - Article",
      "text_length": 286,
      "num_sentences": 5
    }
  },
  {
    "id": "el_jem_article_4_chunk_33bb2a86",
    "text": "Étude archéologique de El Jem : analyses récentes. Fouilles et découvertes à El Jem : état des lieux. Patrimoine et conservation à El Jem : défis et perspectives. Architecture et urbanisme de El Jem : caractéristiques principales. El Jem dans lantiquité : rôle historique et économique.",
    "metadata": {
      "site_archaeologique": "El Jem",
      "periode": "Romain",
      "source": "article",
      "date_collecte": "2025-12-11",
      "langue": "fr",
      "type": "académique",
      "fiabilite": 0.85,
      "mots_cles": [
        "El Jem",
        "archéologie",
        "Tunisie",
        "article"
      ],
      "unesco_id": 38,
      "patrimoine_mondial": true,
      "chunk_index": 0,
      "parent_doc_id": "el_jem_article_4",
      "parent_title": "El Jem - Article",
      "text_length": 286,
      "num_sentences": 5
    }
  },
  {
    "id": "el_jem_article_5_chunk_203032d5",
    "text": "Étude archéologique de El Jem : analyses récentes. Fouilles et découvertes à El Jem : état des lieux. Patrimoine et conservation à El Jem : défis et perspectives. Architecture et urbanisme de El Jem : caractéristiques principales. El Jem dans lantiquité : rôle historique et économique.",
    "metadata": {
      "site_archaeologique": "El Jem",
      "periode": "Romain",
      "source": "article",
      "date_collecte": "2025-12-11",
      "langue": "fr",
      "type": "académique",
      "fiabilite": 0.85,
      "mots_cles": [
        "El Jem",
        "archéologie",
        "Tunisie",
        "article"
      ],
      "unesco_id": 38,
      "patrimoine_mondial": true,
      "chunk_index": 0,
      "parent_doc_id": "el_jem_article_5",
      "parent_title": "El Jem - Article",
      "text_length": 286,
      "num_sentences": 5
    }
  },
  {
    "id": "kerkouane_article_3_chunk_e20f9923",
    "text": "Étude archéologique de Kerkouane : analyses récentes. Fouilles et découvertes à Kerkouane : état des lieux. Patrimoine et conservation à Kerkouane : défis et perspectives. Architecture et urbanisme de Kerkouane : caractéristiques principales. Kerkouane dans lantiquité : rôle historique et économique.",
    "metadata": {
      "site_archaeologique": "Kerkouane",
      "periode": "Punique",
      "source": "article",
      "date_collecte": "2025-12-11",
      "langue": "fr",
      "type": "académique",
      "fiabilite": 0.85,
      "mots_cles": [
        "Kerkouane",
        "archéologie",
        "Tunisie",
        "article"
      ],
      "unesco_id": 332,
      "patrimoine_mondial": true,
      "chunk_index": 0,
      "parent_doc_id": "kerkouane_article_3",
      "parent_title": "Kerkouane - Article",
      "text_length": 301,
      "num_sentences": 5
    }
  },
  {
    "id": "kerkouane_article_4_chunk_f94481ea",
    "text": "Étude archéologique de Kerkouane : analyses récentes. Fouilles et découvertes à Kerkouane : état des lieux. Patrimoine et conservation à Kerkouane : défis et perspectives. Architecture et urbanisme de Kerkouane : caractéristiques principales. Kerkouane dans lantiquité : rôle historique et économique.",
    "metadata": {
      "site_archaeologique": "Kerkouane",
      "periode": "Punique",
      "source": "article",
      "date_collecte": "2025-12-11",
      "langue": "fr",
      "type": "académique",
      "fiabilite": 0.85,
      "mots_cles": [
        "Kerkouane",
        "archéologie",
        "Tunisie",
        "article"
      ],
      "unesco_id": 332,
      "patrimoine_mondial": true,
      "chunk_index": 0,
      "parent_doc_id": "kerkouane_article_4",
      "parent_title": "Kerkouane - Article",
      "text_length": 301,
      "num_sentences": 5
    }
  },
  {
    "id": "kerkouane_article_5_chunk_c2f0bb5f",
    "text": "Étude archéologique de Kerkouane : analyses récentes. Fouilles et découvertes à Kerkouane : état des lieux. Patrimoine et conservation à Kerkouane : défis et perspectives. Architecture et urbanisme de Kerkouane : caractéristiques principales. Kerkouane dans lantiquité : rôle historique et économique.",
    "metadata": {
      "site_archaeologique": "Kerkouane",
      "periode": "Punique",
      "source": "article",
      "date_collecte": "2025-12-11",
      "langue": "fr",
      "type": "académique",
      "fiabilite": 0.85,
      "mots_cles": [
        "Kerkouane",
        "archéologie",
        "Tunisie",
        "article"
      ],
      "unesco_id": 332,
      "patrimoine_mondial": true,
      "chunk_index": 0,
      "parent_doc_id": "kerkouane_article_5",
      "parent_title": "Kerkouane - Article",
      "text_length": 301,
      "num_sentences": 5
    }
  },
  {
    "id": "ichkeul_article_3_chunk_367a499d",
    "text": "Étude archéologique de Ichkeul : analyses récentes. Fouilles et découvertes à Ichkeul : état des lieux. Patrimoine et conservation à Ichkeul : défis et perspectives. Architecture et urbanisme de Ichkeul : caractéristiques principales. Ichkeul dans lantiquité : rôle historique et économique.",
    "metadata": {
      "site_archaeologique": "Ichkeul",
      "periode": "Antiquité",
      "source": "article",
      "date_collecte": "2025-12-11",
      "langue": "fr",
      "type": "académique",
      "fiabilite": 0.85,
      "mots_cles": [
        "Ichkeul",
        "archéologie",
        "Tunisie",
        "article"
      ],
      "unesco_id": 1266,
      "patrimoine_mondial": true,
      "chunk_index": 0,
      "parent_doc_id": "ichkeul_article_3",
      "parent_title": "Ichkeul - Article",
      "text_length": 291,
      "num_sentences": 5
    }
  },
  {
    "id": "ichkeul_article_4_chunk_0b0fddeb",
    "text": "Étude archéologique de Ichkeul : analyses récentes. Fouilles et découvertes à Ichkeul : état des lieux. Patrimoine et conservation à Ichkeul : défis et perspectives. Architecture et urbanisme de Ichkeul : caractéristiques principales. Ichkeul dans lantiquité : rôle historique et économique.",
    "metadata": {
      "site_archaeologique": "Ichkeul",
      "periode": "Antiquité",
      "source": "article",
      "date_collecte": "2025-12-11",
      "langue": "fr",
      "type": "académique",
      "fiabilite": 0.85,
      "mots_cles": [
        "Ichkeul",
        "archéologie",
        "Tunisie",
        "article"
      ],
      "unesco_id": 1266,
      "patrimoine_mondial": true,
      "chunk_index": 0,
      "parent_doc_id": "ichkeul_article_4",
      "parent_title": "Ichkeul - Article",
      "text_length": 291,
      "num_sentences": 5
    }
  },
  {
    "id": "ichkeul_article_5_chunk_f14efedd",
    "text": "Étude archéologique de Ichkeul : analyses récentes. Fouilles et découvertes à Ichkeul : état des lieux. Patrimoine et conservation à Ichkeul : défis et perspectives. Architecture et urbanisme de Ichkeul : caractéristiques principales. Ichkeul dans lantiquité : rôle historique et économique.",
    "metadata": {
      "site_archaeologique": "Ichkeul",
      "periode": "Antiquité",
      "source": "article",
      "date_collecte": "2025-12-11",
      "langue": "fr",
      "type": "académique",
      "fiabilite": 0.85,
      "mots_cles": [
        "Ichkeul",
        "archéologie",
        "Tunisie",
        "article"
      ],
      "unesco_id": 1266,
      "patrimoine_mondial": true,
      "chunk_index": 0,
      "parent_doc_id": "ichkeul_article_5",
      "parent_title": "Ichkeul - Article",
      "text_length": 291,
      "num_sentences": 5
    }
  },
  {
    "id": "sbeitla_article_3_chunk_276982cf",
    "text": "Étude archéologique de Sbeitla : analyses récentes. Fouilles et découvertes à Sbeitla : état des lieux. Patrimoine et conservation à Sbeitla : défis et perspectives. Architecture et urbanisme de Sbeitla : caractéristiques principales. Sbeitla dans lantiquité : rôle historique et économique.",
    "metadata": {
      "site_archaeologique": "Sbeitla",
      "periode": "Romain, Byzantin",
      "source": "article",
      "date_collecte": "2025-12-11",
      "langue": "fr",
      "type": "académique",
      "fiabilite": 0.85,
      "mots_cles": [
        "Sbeitla",
        "archéologie",
        "Tunisie",
        "article"
      ],
      "chunk_index": 0,
      "parent_doc_id": "sbeitla_article_3",
      "parent_title": "Sbeitla - Article",
      "text_length": 291,
      "num_sentences": 5
    }
  },
  {
    "id": "sbeitla_article_4_chunk_a2d6e32c",
    "text": "Étude archéologique de Sbeitla : analyses récentes. Fouilles et découvertes à Sbeitla : état des lieux. Patrimoine et conservation à Sbeitla : défis et perspectives. Architecture et urbanisme de Sbeitla : caractéristiques principales. Sbeitla dans lantiquité : rôle historique et économique.",
    "metadata": {
      "site_archaeologique": "Sbeitla",
      "periode": "Romain, Byzantin",
      "source": "article",
      "date_collecte": "2025-12-11",
      "langue": "fr",
      "type": "académique",
      "fiabilite": 0.85,
      "mots_cles": [
        "Sbeitla",
        "archéologie",
        "Tunisie",
        "article"
      ],
      "chunk_index": 0,
      "parent_doc_id": "sbeitla_article_4",
      "parent_title": "Sbeitla - Article",
      "text_length": 291,
      "num_sentences": 5
    }
  },
  {
    "id": "sbeitla_article_5_chunk_426b2dcd",
    "text": "Étude archéologique de Sbeitla : analyses récentes. Fouilles et découvertes à Sbeitla : état des lieux. Patrimoine et conservation à Sbeitla : défis et perspectives. Architecture et urbanisme de Sbeitla : caractéristiques principales. Sbeitla dans lantiquité : rôle historique et économique.",
    "metadata": {
      "site_archaeologique": "Sbeitla",
      "periode": "Romain, Byzantin",
      "source": "article",
      "date_collecte": "2025-12-11",
      "langue": "fr",
      "type": "académique",
      "fiabilite": 0.85,
      "mots_cles": [
        "Sbeitla",
        "archéologie",
        "Tunisie",
        "article"
      ],
      "chunk_index": 0,
      "parent_doc_id": "sbeitla_article_5",
      "parent_title": "Sbeitla - Article",
      "text_length": 291,
      "num_sentences": 5
    }
  },
  {
    "id": "bulla_regia_article_3_chunk_6b1f795e",
    "text": "Étude archéologique de Bulla Regia : analyses récentes. Fouilles et découvertes à Bulla Regia : état des lieux. Patrimoine et conservation à Bulla Regia : défis et perspectives. Architecture et urbanisme de Bulla Regia : caractéristiques principales. Bulla Regia dans lantiquité : rôle historique et économique.",
    "metadata": {
      "site_archaeologique": "Bulla Regia",
      "periode": "Numide, Romain",
      "source": "article",
      "date_collecte": "2025-12-11",
      "langue": "fr",
      "type": "académique",
      "fiabilite": 0.85,
      "mots_cles": [
        "Bulla Regia",
        "archéologie",
        "Tunisie",
        "article"
      ],
      "chunk_index": 0,
      "parent_doc_id": "bulla_regia_article_3",
      "parent_title": "Bulla Regia - Article",
      "text_length": 311,
      "num_sentences": 5
    }
  },
  {
    "id": "bulla_regia_article_4_chunk_7106d001",
    "text": "Étude archéologique de Bulla Regia : analyses récentes. Fouilles et découvertes à Bulla Regia : état des lieux. Patrimoine et conservation à Bulla Regia : défis et perspectives. Architecture et urbanisme de Bulla Regia : caractéristiques principales. Bulla Regia dans lantiquité : rôle historique et économique.",
    "metadata": {
      "site_archaeologique": "Bulla Regia",
      "periode": "Numide, Romain",
      "source": "article",
      "date_collecte": "2025-12-11",
      "langue": "fr",
      "type": "académique",
      "fiabilite": 0.85,
      "mots_cles": [
        "Bulla Regia",
        "archéologie",
        "Tunisie",
        "article"
      ],
      "chunk_index": 0,
      "parent_doc_id": "bulla_regia_article_4",
      "parent_title": "Bulla Regia - Article",
      "text_length": 311,
      "num_sentences": 5
    }
  },
  {
    "id": "bulla_regia_article_5_chunk_35a1bd36",
    "text": "Étude archéologique de Bulla Regia : analyses récentes. Fouilles et découvertes à Bulla Regia : état des lieux. Patrimoine et conservation à Bulla Regia : défis et perspectives. Architecture et urbanisme de Bulla Regia : caractéristiques principales. Bulla Regia dans lantiquité : rôle historique et économique.",
    "metadata": {
      "site_archaeologique": "Bulla Regia",
      "periode": "Numide, Romain",
      "source": "article",
      "date_collecte": "2025-12-11",
      "langue": "fr",
      "type": "académique",
      "fiabilite": 0.85,
      "mots_cles": [
        "Bulla Regia",
        "archéologie",
        "Tunisie",
        "article"
      ],
      "chunk_index": 0,
      "parent_doc_id": "bulla_regia_article_5",
      "parent_title": "Bulla Regia - Article",
      "text_length": 311,
      "num_sentences": 5
    }
  },
  {
    "id": "utique_article_3_chunk_fcde9169",
    "text": "Étude archéologique de Utique : analyses récentes. Fouilles et découvertes à Utique : état des lieux. Patrimoine et conservation à Utique : défis et perspectives. Architecture et urbanisme de Utique : caractéristiques principales. Utique dans lantiquité : rôle historique et économique.",
    "metadata": {
      "site_archaeologique": "Utique",
      "periode": "Punique",
      "source": "article",
      "date_collecte": "2025-12-11",
      "langue": "fr",
      "type": "académique",
      "fiabilite": 0.85,
      "mots_cles": [
        "Utique",
        "archéologie",
        "Tunisie",
        "article"
      ],
      "chunk_index": 0,
      "parent_doc_id": "utique_article_3",
      "parent_title": "Utique - Article",
      "text_length": 286,
      "num_sentences": 5
    }
  },
  {
    "id": "utique_article_4_chunk_98ea14be",
    "text": "Étude archéologique de Utique : analyses récentes. Fouilles et découvertes à Utique : état des lieux. Patrimoine et conservation à Utique : défis et perspectives. Architecture et urbanisme de Utique : caractéristiques principales. Utique dans lantiquité : rôle historique et économique.",
    "metadata": {
      "site_archaeologique": "Utique",
      "periode": "Punique",
      "source": "article",
      "date_collecte": "2025-12-11",
      "langue": "fr",
      "type": "académique",
      "fiabilite": 0.85,
      "mots_cles": [
        "Utique",
        "archéologie",
        "Tunisie",
        "article"
      ],
      "chunk_index": 0,
      "parent_doc_id": "utique_article_4",
      "parent_title": "Utique - Article",
      "text_length": 286,
      "num_sentences": 5
    }
  },
  {
    "id": "utique_article_5_chunk_a8a515f8",
    "text": "Étude archéologique de Utique : analyses récentes. Fouilles et découvertes à Utique : état des lieux. Patrimoine et conservation à Utique : défis et perspectives. Architecture et urbanisme de Utique : caractéristiques principales. Utique dans lantiquité : rôle historique et économique.",
    "metadata": {
      "site_archaeologique": "Utique",
      "periode": "Punique",
      "source": "article",
      "date_collecte": "2025-12-11",
      "langue": "fr",
      "type": "académique",
      "fiabilite": 0.85,
      "mots_cles": [
        "Utique",
        "archéologie",
        "Tunisie",
        "article"
      ],
      "chunk_index": 0,
      "parent_doc_id": "utique_article_5",
      "parent_title": "Utique - Article",
      "text_length": 286,
      "num_sentences": 5
    }
  },
  {
    "id": "thuburbo_majus_article_3_chunk_21286004",
    "text": "Étude archéologique de Thuburbo Majus : analyses récentes. Fouilles et découvertes à Thuburbo Majus : état des lieux. Patrimoine et conservation à Thuburbo Majus : défis et perspectives. Architecture et urbanisme de Thuburbo Majus : caractéristiques principales. Thuburbo Majus dans lantiquité : rôle historique et économique.",
    "metadata": {
      "site_archaeologique": "Thuburbo Majus",
      "periode": "Romain",
      "source": "article",
      "date_collecte": "2025-12-11",
      "langue": "fr",
      "type": "académique",
      "fiabilite": 0.85,
      "mots_cles": [
        "Thuburbo Majus",
        "archéologie",
        "Tunisie",
        "article"
      ],
      "chunk_index": 0,
      "parent_doc_id": "thuburbo_majus_article_3",
      "parent_title": "Thuburbo Majus - Article",
      "text_length": 326,
      "num_sentences": 5
    }
  },
  {
    "id": "thuburbo_majus_article_4_chunk_83f18fb6",
    "text": "Étude archéologique de Thuburbo Majus : analyses récentes. Fouilles et découvertes à Thuburbo Majus : état des lieux. Patrimoine et conservation à Thuburbo Majus : défis et perspectives. Architecture et urbanisme de Thuburbo Majus : caractéristiques principales. Thuburbo Majus dans lantiquité : rôle historique et économique.",
    "metadata": {
      "site_archaeologique": "Thuburbo Majus",
      "periode": "Romain",
      "source": "article",
      "date_collecte": "2025-12-11",
      "langue": "fr",
      "type": "académique",
      "fiabilite": 0.85,
      "mots_cles": [
        "Thuburbo Majus",
        "archéologie",
        "Tunisie",
        "article"
      ],
      "chunk_index": 0,
      "parent_doc_id": "thuburbo_majus_article_4",
      "parent_title": "Thuburbo Majus - Article",
      "text_length": 326,
      "num_sentences": 5
    }
  },
  {
    "id": "thuburbo_majus_article_5_chunk_9e106585",
    "text": "Étude archéologique de Thuburbo Majus : analyses récentes. Fouilles et découvertes à Thuburbo Majus : état des lieux. Patrimoine et conservation à Thuburbo Majus : défis et perspectives. Architecture et urbanisme de Thuburbo Majus : caractéristiques principales. Thuburbo Majus dans lantiquité : rôle historique et économique.",
    "metadata": {
      "site_archaeologique": "Thuburbo Majus",
      "periode": "Romain",
      "source": "article",
      "date_collecte": "2025-12-11",
      "langue": "fr",
      "type": "académique",
      "fiabilite": 0.85,
      "mots_cles": [
        "Thuburbo Majus",
        "archéologie",
        "Tunisie",
        "article"
      ],
      "chunk_index": 0,
      "parent_doc_id": "thuburbo_majus_article_5",
      "parent_title": "Thuburbo Majus - Article",
      "text_length": 326,
      "num_sentences": 5
    }
  },
  {
    "id": "haïdra_article_3_chunk_2c9988bc",
    "text": "Étude archéologique de Haïdra : analyses récentes. Fouilles et découvertes à Haïdra : état des lieux. Patrimoine et conservation à Haïdra : défis et perspectives. Architecture et urbanisme de Haïdra : caractéristiques principales. Haïdra dans lantiquité : rôle historique et économique.",
    "metadata": {
      "site_archaeologique": "Haïdra",
      "periode": "Romain, Byzantin",
      "source": "article",
      "date_collecte": "2025-12-11",
      "langue": "fr",
      "type": "académique",
      "fiabilite": 0.85,
      "mots_cles": [
        "Haïdra",
        "archéologie",
        "Tunisie",
        "article"
      ],
      "chunk_index": 0,
      "parent_doc_id": "haïdra_article_3",
      "parent_title": "Haïdra - Article",
      "text_length": 286,
      "num_sentences": 5
    }
  },
  {
    "id": "haïdra_article_4_chunk_22043c60",
    "text": "Étude archéologique de Haïdra : analyses récentes. Fouilles et découvertes à Haïdra : état des lieux. Patrimoine et conservation à Haïdra : défis et perspectives. Architecture et urbanisme de Haïdra : caractéristiques principales. Haïdra dans lantiquité : rôle historique et économique.",
    "metadata": {
      "site_archaeologique": "Haïdra",
      "periode": "Romain, Byzantin",
      "source": "article",
      "date_collecte": "2025-12-11",
      "langue": "fr",
      "type": "académique",
      "fiabilite": 0.85,
      "mots_cles": [
        "Haïdra",
        "archéologie",
        "Tunisie",
        "article"
      ],
      "chunk_index": 0,
      "parent_doc_id": "haïdra_article_4",
      "parent_title": "Haïdra - Article",
      "text_length": 286,
      "num_sentences": 5
    }
  },
  {
    "id": "haïdra_article_5_chunk_bdb9e7fa",
    "text": "Étude archéologique de Haïdra : analyses récentes. Fouilles et découvertes à Haïdra : état des lieux. Patrimoine et conservation à Haïdra : défis et perspectives. Architecture et urbanisme de Haïdra : caractéristiques principales. Haïdra dans lantiquité : rôle historique et économique.",
    "metadata": {
      "site_archaeologique": "Haïdra",
      "periode": "Romain, Byzantin",
      "source": "article",
      "date_collecte": "2025-12-11",
      "langue": "fr",
      "type": "académique",
      "fiabilite": 0.85,
      "mots_cles": [
        "Haïdra",
        "archéologie",
        "Tunisie",
        "article"
      ],
      "chunk_index": 0,
      "parent_doc_id": "haïdra_article_5",
      "parent_title": "Haïdra - Article",
      "text_length": 286,
      "num_sentences": 5
    }
  },
  {
    "id": "makthar_article_3_chunk_a892dce6",
    "text": "Étude archéologique de Makthar : analyses récentes. Fouilles et découvertes à Makthar : état des lieux. Patrimoine et conservation à Makthar : défis et perspectives. Architecture et urbanisme de Makthar : caractéristiques principales. Makthar dans lantiquité : rôle historique et économique.",
    "metadata": {
      "site_archaeologique": "Makthar",
      "periode": "Numide, Romain",
      "source": "article",
      "date_collecte": "2025-12-11",
      "langue": "fr",
      "type": "académique",
      "fiabilite": 0.85,
      "mots_cles": [
        "Makthar",
        "archéologie",
        "Tunisie",
        "article"
      ],
      "chunk_index": 0,
      "parent_doc_id": "makthar_article_3",
      "parent_title": "Makthar - Article",
      "text_length": 291,
      "num_sentences": 5
    }
  },
  {
    "id": "makthar_article_4_chunk_d32e72a2",
    "text": "Étude archéologique de Makthar : analyses récentes. Fouilles et découvertes à Makthar : état des lieux. Patrimoine et conservation à Makthar : défis et perspectives. Architecture et urbanisme de Makthar : caractéristiques principales. Makthar dans lantiquité : rôle historique et économique.",
    "metadata": {
      "site_archaeologique": "Makthar",
      "periode": "Numide, Romain",
      "source": "article",
      "date_collecte": "2025-12-11",
      "langue": "fr",
      "type": "académique",
      "fiabilite": 0.85,
      "mots_cles": [
        "Makthar",
        "archéologie",
        "Tunisie",
        "article"
      ],
      "chunk_index": 0,
      "parent_doc_id": "makthar_article_4",
      "parent_title": "Makthar - Article",
      "text_length": 291,
      "num_sentences": 5
    }
  },
  {
    "id": "makthar_article_5_chunk_e86ae201",
    "text": "Étude archéologique de Makthar : analyses récentes. Fouilles et découvertes à Makthar : état des lieux. Patrimoine et conservation à Makthar : défis et perspectives. Architecture et urbanisme de Makthar : caractéristiques principales. Makthar dans lantiquité : rôle historique et économique.",
    "metadata": {
      "site_archaeologique": "Makthar",
      "periode": "Numide, Romain",
      "source": "article",
      "date_collecte": "2025-12-11",
      "langue": "fr",
      "type": "académique",
      "fiabilite": 0.85,
      "mots_cles": [
        "Makthar",
        "archéologie",
        "Tunisie",
        "article"
      ],
      "chunk_index": 0,
      "parent_doc_id": "makthar_article_5",
      "parent_title": "Makthar - Article",
      "text_length": 291,
      "num_sentences": 5
    }
  },
  {
    "id": "thyna_article_3_chunk_bed737e1",
    "text": "Étude archéologique de Thyna : analyses récentes. Fouilles et découvertes à Thyna : état des lieux. Patrimoine et conservation à Thyna : défis et perspectives. Architecture et urbanisme de Thyna : caractéristiques principales. Thyna dans lantiquité : rôle historique et économique.",
    "metadata": {
      "site_archaeologique": "Thyna",
      "periode": "Antiquité",
      "source": "article",
      "date_collecte": "2025-12-11",
      "langue": "fr",
      "type": "académique",
      "fiabilite": 0.85,
      "mots_cles": [
        "Thyna",
        "archéologie",
        "Tunisie",
        "article"
      ],
      "chunk_index": 0,
      "parent_doc_id": "thyna_article_3",
      "parent_title": "Thyna - Article",
      "text_length": 281,
      "num_sentences": 5
    }
  },
  {
    "id": "thyna_article_4_chunk_5cc0d59e",
    "text": "Étude archéologique de Thyna : analyses récentes. Fouilles et découvertes à Thyna : état des lieux. Patrimoine et conservation à Thyna : défis et perspectives. Architecture et urbanisme de Thyna : caractéristiques principales. Thyna dans lantiquité : rôle historique et économique.",
    "metadata": {
      "site_archaeologique": "Thyna",
      "periode": "Antiquité",
      "source": "article",
      "date_collecte": "2025-12-11",
      "langue": "fr",
      "type": "académique",
      "fiabilite": 0.85,
      "mots_cles": [
        "Thyna",
        "archéologie",
        "Tunisie",
        "article"
      ],
      "chunk_index": 0,
      "parent_doc_id": "thyna_article_4",
      "parent_title": "Thyna - Article",
      "text_length": 281,
      "num_sentences": 5
    }
  },
  {
    "id": "thyna_article_5_chunk_8c4d2f09",
    "text": "Étude archéologique de Thyna : analyses récentes. Fouilles et découvertes à Thyna : état des lieux. Patrimoine et conservation à Thyna : défis et perspectives. Architecture et urbanisme de Thyna : caractéristiques principales. Thyna dans lantiquité : rôle historique et économique.",
    "metadata": {
      "site_archaeologique": "Thyna",
      "periode": "Antiquité",
      "source": "article",
      "date_collecte": "2025-12-11",
      "langue": "fr",
      "type": "académique",
      "fiabilite": 0.85,
      "mots_cles": [
        "Thyna",
        "archéologie",
        "Tunisie",
        "article"
      ],
      "chunk_index": 0,
      "parent_doc_id": "thyna_article_5",
      "parent_title": "Thyna - Article",
      "text_length": 281,
      "num_sentences": 5
    }
  },
  {
    "id": "neapolis_article_3_chunk_fd6fe4be",
    "text": "Étude archéologique de Neapolis : analyses récentes. Fouilles et découvertes à Neapolis : état des lieux. Patrimoine et conservation à Neapolis : défis et perspectives. Architecture et urbanisme de Neapolis : caractéristiques principales. Neapolis dans lantiquité : rôle historique et économique.",
    "metadata": {
      "site_archaeologique": "Neapolis",
      "periode": "Antiquité",
      "source": "article",
      "date_collecte": "2025-12-11",
      "langue": "fr",
      "type": "académique",
      "fiabilite": 0.85,
      "mots_cles": [
        "Neapolis",
        "archéologie",
        "Tunisie",
        "article"
      ],
      "chunk_index": 0,
      "parent_doc_id": "neapolis_article_3",
      "parent_title": "Neapolis - Article",
      "text_length": 296,
      "num_sentences": 5
    }
  },
  {
    "id": "neapolis_article_4_chunk_a18d8fe7",
    "text": "Étude archéologique de Neapolis : analyses récentes. Fouilles et découvertes à Neapolis : état des lieux. Patrimoine et conservation à Neapolis : défis et perspectives. Architecture et urbanisme de Neapolis : caractéristiques principales. Neapolis dans lantiquité : rôle historique et économique.",
    "metadata": {
      "site_archaeologique": "Neapolis",
      "periode": "Antiquité",
      "source": "article",
      "date_collecte": "2025-12-11",
      "langue": "fr",
      "type": "académique",
      "fiabilite": 0.85,
      "mots_cles": [
        "Neapolis",
        "archéologie",
        "Tunisie",
        "article"
      ],
      "chunk_index": 0,
      "parent_doc_id": "neapolis_article_4",
      "parent_title": "Neapolis - Article",
      "text_length": 296,
      "num_sentences": 5
    }
  },
  {
    "id": "neapolis_article_5_chunk_95b9831f",
    "text": "Étude archéologique de Neapolis : analyses récentes. Fouilles et découvertes à Neapolis : état des lieux. Patrimoine et conservation à Neapolis : défis et perspectives. Architecture et urbanisme de Neapolis : caractéristiques principales. Neapolis dans lantiquité : rôle historique et économique.",
    "metadata": {
      "site_archaeologique": "Neapolis",
      "periode": "Antiquité",
      "source": "article",
      "date_collecte": "2025-12-11",
      "langue": "fr",
      "type": "académique",
      "fiabilite": 0.85,
      "mots_cles": [
        "Neapolis",
        "archéologie",
        "Tunisie",
        "article"
      ],
      "chunk_index": 0,
      "parent_doc_id": "neapolis_article_5",
      "parent_title": "Neapolis - Article",
      "text_length": 296,
      "num_sentences": 5
    }
  },
  {
    "id": "althiburos_article_3_chunk_5fe0ac75",
    "text": "Étude archéologique de Althiburos : analyses récentes. Fouilles et découvertes à Althiburos : état des lieux. Patrimoine et conservation à Althiburos : défis et perspectives. Architecture et urbanisme de Althiburos : caractéristiques principales. Althiburos dans lantiquité : rôle historique et économique.",
    "metadata": {
      "site_archaeologique": "Althiburos",
      "periode": "Antiquité",
      "source": "article",
      "date_collecte": "2025-12-11",
      "langue": "fr",
      "type": "académique",
      "fiabilite": 0.85,
      "mots_cles": [
        "Althiburos",
        "archéologie",
        "Tunisie",
        "article"
      ],
      "chunk_index": 0,
      "parent_doc_id": "althiburos_article_3",
      "parent_title": "Althiburos - Article",
      "text_length": 306,
      "num_sentences": 5
    }
  },
  {
    "id": "althiburos_article_4_chunk_7b1459f1",
    "text": "Étude archéologique de Althiburos : analyses récentes. Fouilles et découvertes à Althiburos : état des lieux. Patrimoine et conservation à Althiburos : défis et perspectives. Architecture et urbanisme de Althiburos : caractéristiques principales. Althiburos dans lantiquité : rôle historique et économique.",
    "metadata": {
      "site_archaeologique": "Althiburos",
      "periode": "Antiquité",
      "source": "article",
      "date_collecte": "2025-12-11",
      "langue": "fr",
      "type": "académique",
      "fiabilite": 0.85,
      "mots_cles": [
        "Althiburos",
        "archéologie",
        "Tunisie",
        "article"
      ],
      "chunk_index": 0,
      "parent_doc_id": "althiburos_article_4",
      "parent_title": "Althiburos - Article",
      "text_length": 306,
      "num_sentences": 5
    }
  },
  {
    "id": "althiburos_article_5_chunk_0607c0cb",
    "text": "Étude archéologique de Althiburos : analyses récentes. Fouilles et découvertes à Althiburos : état des lieux. Patrimoine et conservation à Althiburos : défis et perspectives. Architecture et urbanisme de Althiburos : caractéristiques principales. Althiburos dans lantiquité : rôle historique et économique.",
    "metadata": {
      "site_archaeologique": "Althiburos",
      "periode": "Antiquité",
      "source": "article",
      "date_collecte": "2025-12-11",
      "langue": "fr",
      "type": "académique",
      "fiabilite": 0.85,
      "mots_cles": [
        "Althiburos",
        "archéologie",
        "Tunisie",
        "article"
      ],
      "chunk_index": 0,
      "parent_doc_id": "althiburos_article_5",
      "parent_title": "Althiburos - Article",
      "text_length": 306,
      "num_sentences": 5
    }
  },
  {
    "id": "gigthis_article_3_chunk_2221b84f",
    "text": "Étude archéologique de Gigthis : analyses récentes. Fouilles et découvertes à Gigthis : état des lieux. Patrimoine et conservation à Gigthis : défis et perspectives. Architecture et urbanisme de Gigthis : caractéristiques principales. Gigthis dans lantiquité : rôle historique et économique.",
    "metadata": {
      "site_archaeologique": "Gigthis",
      "periode": "Antiquité",
      "source": "article",
      "date_collecte": "2025-12-11",
      "langue": "fr",
      "type": "académique",
      "fiabilite": 0.85,
      "mots_cles": [
        "Gigthis",
        "archéologie",
        "Tunisie",
        "article"
      ],
      "chunk_index": 0,
      "parent_doc_id": "gigthis_article_3",
      "parent_title": "Gigthis - Article",
      "text_length": 291,
      "num_sentences": 5
    }
  },
  {
    "id": "gigthis_article_4_chunk_cbe46877",
    "text": "Étude archéologique de Gigthis : analyses récentes. Fouilles et découvertes à Gigthis : état des lieux. Patrimoine et conservation à Gigthis : défis et perspectives. Architecture et urbanisme de Gigthis : caractéristiques principales. Gigthis dans lantiquité : rôle historique et économique.",
    "metadata": {
      "site_archaeologique": "Gigthis",
      "periode": "Antiquité",
      "source": "article",
      "date_collecte": "2025-12-11",
      "langue": "fr",
      "type": "académique",
      "fiabilite": 0.85,
      "mots_cles": [
        "Gigthis",
        "archéologie",
        "Tunisie",
        "article"
      ],
      "chunk_index": 0,
      "parent_doc_id": "gigthis_article_4",
      "parent_title": "Gigthis - Article",
      "text_length": 291,
      "num_sentences": 5
    }
  },
  {
    "id": "gigthis_article_5_chunk_b729a43e",
    "text": "Étude archéologique de Gigthis : analyses récentes. Fouilles et découvertes à Gigthis : état des lieux. Patrimoine et conservation à Gigthis : défis et perspectives. Architecture et urbanisme de Gigthis : caractéristiques principales. Gigthis dans lantiquité : rôle historique et économique.",
    "metadata": {
      "site_archaeologique": "Gigthis",
      "periode": "Antiquité",
      "source": "article",
      "date_collecte": "2025-12-11",
      "langue": "fr",
      "type": "académique",
      "fiabilite": 0.85,
      "mots_cles": [
        "Gigthis",
        "archéologie",
        "Tunisie",
        "article"
      ],
      "chunk_index": 0,
      "parent_doc_id": "gigthis_article_5",
      "parent_title": "Gigthis - Article",
      "text_length": 291,
      "num_sentences": 5
    }
  },
  {
    "id": "musti_article_3_chunk_7bbf4a08",
    "text": "Étude archéologique de Musti : analyses récentes. Fouilles et découvertes à Musti : état des lieux. Patrimoine et conservation à Musti : défis et perspectives. Architecture et urbanisme de Musti : caractéristiques principales. Musti dans lantiquité : rôle historique et économique.",
    "metadata": {
      "site_archaeologique": "Musti",
      "periode": "Antiquité",
      "source": "article",
      "date_collecte": "2025-12-11",
      "langue": "fr",
      "type": "académique",
      "fiabilite": 0.85,
      "mots_cles": [
        "Musti",
        "archéologie",
        "Tunisie",
        "article"
      ],
      "chunk_index": 0,
      "parent_doc_id": "musti_article_3",
      "parent_title": "Musti - Article",
      "text_length": 281,
      "num_sentences": 5
    }
  },
  {
    "id": "musti_article_4_chunk_70d92e37",
    "text": "Étude archéologique de Musti : analyses récentes. Fouilles et découvertes à Musti : état des lieux. Patrimoine et conservation à Musti : défis et perspectives. Architecture et urbanisme de Musti : caractéristiques principales. Musti dans lantiquité : rôle historique et économique.",
    "metadata": {
      "site_archaeologique": "Musti",
      "periode": "Antiquité",
      "source": "article",
      "date_collecte": "2025-12-11",
      "langue": "fr",
      "type": "académique",
      "fiabilite": 0.85,
      "mots_cles": [
        "Musti",
        "archéologie",
        "Tunisie",
        "article"
      ],
      "chunk_index": 0,
      "parent_doc_id": "musti_article_4",
      "parent_title": "Musti - Article",
      "text_length": 281,
      "num_sentences": 5
    }
  },
  {
    "id": "musti_article_5_chunk_3ef12b5e",
    "text": "Étude archéologique de Musti : analyses récentes. Fouilles et découvertes à Musti : état des lieux. Patrimoine et conservation à Musti : défis et perspectives. Architecture et urbanisme de Musti : caractéristiques principales. Musti dans lantiquité : rôle historique et économique.",
    "metadata": {
      "site_archaeologique": "Musti",
      "periode": "Antiquité",
      "source": "article",
      "date_collecte": "2025-12-11",
      "langue": "fr",
      "type": "académique",
      "fiabilite": 0.85,
      "mots_cles": [
        "Musti",
        "archéologie",
        "Tunisie",
        "article"
      ],
      "chunk_index": 0,
      "parent_doc_id": "musti_article_5",
      "parent_title": "Musti - Article",
      "text_length": 281,
      "num_sentences": 5
    }
  },
  {
    "id": "sidi_jdidi_article_3_chunk_479380d3",
    "text": "Étude archéologique de Sidi Jdidi : analyses récentes. Fouilles et découvertes à Sidi Jdidi : état des lieux. Patrimoine et conservation à Sidi Jdidi : défis et perspectives. Architecture et urbanisme de Sidi Jdidi : caractéristiques principales. Sidi Jdidi dans lantiquité : rôle historique et économique.",
    "metadata": {
      "site_archaeologique": "Sidi Jdidi",
      "periode": "Antiquité",
      "source": "article",
      "date_collecte": "2025-12-11",
      "langue": "fr",
      "type": "académique",
      "fiabilite": 0.85,
      "mots_cles": [
        "Sidi Jdidi",
        "archéologie",
        "Tunisie",
        "article"
      ],
      "chunk_index": 0,
      "parent_doc_id": "sidi_jdidi_article_3",
      "parent_title": "Sidi Jdidi - Article",
      "text_length": 306,
      "num_sentences": 5
    }
  },
  {
    "id": "sidi_jdidi_article_4_chunk_86b59dbc",
    "text": "Étude archéologique de Sidi Jdidi : analyses récentes. Fouilles et découvertes à Sidi Jdidi : état des lieux. Patrimoine et conservation à Sidi Jdidi : défis et perspectives. Architecture et urbanisme de Sidi Jdidi : caractéristiques principales. Sidi Jdidi dans lantiquité : rôle historique et économique.",
    "metadata": {
      "site_archaeologique": "Sidi Jdidi",
      "periode": "Antiquité",
      "source": "article",
      "date_collecte": "2025-12-11",
      "langue": "fr",
      "type": "académique",
      "fiabilite": 0.85,
      "mots_cles": [
        "Sidi Jdidi",
        "archéologie",
        "Tunisie",
        "article"
      ],
      "chunk_index": 0,
      "parent_doc_id": "sidi_jdidi_article_4",
      "parent_title": "Sidi Jdidi - Article",
      "text_length": 306,
      "num_sentences": 5
    }
  },
  {
    "id": "sidi_jdidi_article_5_chunk_2038fcc6",
    "text": "Étude archéologique de Sidi Jdidi : analyses récentes. Fouilles et découvertes à Sidi Jdidi : état des lieux. Patrimoine et conservation à Sidi Jdidi : défis et perspectives. Architecture et urbanisme de Sidi Jdidi : caractéristiques principales. Sidi Jdidi dans lantiquité : rôle historique et économique.",
    "metadata": {
      "site_archaeologique": "Sidi Jdidi",
      "periode": "Antiquité",
      "source": "article",
      "date_collecte": "2025-12-11",
      "langue": "fr",
      "type": "académique",
      "fiabilite": 0.85,
      "mots_cles": [
        "Sidi Jdidi",
        "archéologie",
        "Tunisie",
        "article"
      ],
      "chunk_index": 0,
      "parent_doc_id": "sidi_jdidi_article_5",
      "parent_title": "Sidi Jdidi - Article",
      "text_length": 306,
      "num_sentences": 5
    }
  },
  {
    "id": "chemtou_article_3_chunk_4ea1e6b5",
    "text": "Étude archéologique de Chemtou : analyses récentes. Fouilles et découvertes à Chemtou : état des lieux. Patrimoine et conservation à Chemtou : défis et perspectives. Architecture et urbanisme de Chemtou : caractéristiques principales. Chemtou dans lantiquité : rôle historique et économique.",
    "metadata": {
      "site_archaeologique": "Chemtou",
      "periode": "Antiquité",
      "source": "article",
      "date_collecte": "2025-12-11",
      "langue": "fr",
      "type": "académique",
      "fiabilite": 0.85,
      "mots_cles": [
        "Chemtou",
        "archéologie",
        "Tunisie",
        "article"
      ],
      "chunk_index": 0,
      "parent_doc_id": "chemtou_article_3",
      "parent_title": "Chemtou - Article",
      "text_length": 291,
      "num_sentences": 5
    }
  },
  {
    "id": "chemtou_article_4_chunk_a5fc00f9",
    "text": "Étude archéologique de Chemtou : analyses récentes. Fouilles et découvertes à Chemtou : état des lieux. Patrimoine et conservation à Chemtou : défis et perspectives. Architecture et urbanisme de Chemtou : caractéristiques principales. Chemtou dans lantiquité : rôle historique et économique.",
    "metadata": {
      "site_archaeologique": "Chemtou",
      "periode": "Antiquité",
      "source": "article",
      "date_collecte": "2025-12-11",
      "langue": "fr",
      "type": "académique",
      "fiabilite": 0.85,
      "mots_cles": [
        "Chemtou",
        "archéologie",
        "Tunisie",
        "article"
      ],
      "chunk_index": 0,
      "parent_doc_id": "chemtou_article_4",
      "parent_title": "Chemtou - Article",
      "text_length": 291,
      "num_sentences": 5
    }
  },
  {
    "id": "chemtou_article_5_chunk_46a157a4",
    "text": "Étude archéologique de Chemtou : analyses récentes. Fouilles et découvertes à Chemtou : état des lieux. Patrimoine et conservation à Chemtou : défis et perspectives. Architecture et urbanisme de Chemtou : caractéristiques principales. Chemtou dans lantiquité : rôle historique et économique.",
    "metadata": {
      "site_archaeologique": "Chemtou",
      "periode": "Antiquité",
      "source": "article",
      "date_collecte": "2025-12-11",
      "langue": "fr",
      "type": "académique",
      "fiabilite": 0.85,
      "mots_cles": [
        "Chemtou",
        "archéologie",
        "Tunisie",
        "article"
      ],
      "chunk_index": 0,
      "parent_doc_id": "chemtou_article_5",
      "parent_title": "Chemtou - Article",
      "text_length": 291,
      "num_sentences": 5
    }
  },
  {
    "id": "mactaris_article_3_chunk_3b4806ef",
    "text": "Étude archéologique de Mactaris : analyses récentes. Fouilles et découvertes à Mactaris : état des lieux. Patrimoine et conservation à Mactaris : défis et perspectives. Architecture et urbanisme de Mactaris : caractéristiques principales. Mactaris dans lantiquité : rôle historique et économique.",
    "metadata": {
      "site_archaeologique": "Mactaris",
      "periode": "Antiquité",
      "source": "article",
      "date_collecte": "2025-12-11",
      "langue": "fr",
      "type": "académique",
      "fiabilite": 0.85,
      "mots_cles": [
        "Mactaris",
        "archéologie",
        "Tunisie",
        "article"
      ],
      "chunk_index": 0,
      "parent_doc_id": "mactaris_article_3",
      "parent_title": "Mactaris - Article",
      "text_length": 296,
      "num_sentences": 5
    }
  },
  {
    "id": "mactaris_article_4_chunk_2b7cd709",
    "text": "Étude archéologique de Mactaris : analyses récentes. Fouilles et découvertes à Mactaris : état des lieux. Patrimoine et conservation à Mactaris : défis et perspectives. Architecture et urbanisme de Mactaris : caractéristiques principales. Mactaris dans lantiquité : rôle historique et économique.",
    "metadata": {
      "site_archaeologique": "Mactaris",
      "periode": "Antiquité",
      "source": "article",
      "date_collecte": "2025-12-11",
      "langue": "fr",
      "type": "académique",
      "fiabilite": 0.85,
      "mots_cles": [
        "Mactaris",
        "archéologie",
        "Tunisie",
        "article"
      ],
      "chunk_index": 0,
      "parent_doc_id": "mactaris_article_4",
      "parent_title": "Mactaris - Article",
      "text_length": 296,
      "num_sentences": 5
    }
  },
  {
    "id": "mactaris_article_5_chunk_e6f3b2d1",
    "text": "Étude archéologique de Mactaris : analyses récentes. Fouilles et découvertes à Mactaris : état des lieux. Patrimoine et conservation à Mactaris : défis et perspectives. Architecture et urbanisme de Mactaris : caractéristiques principales. Mactaris dans lantiquité : rôle historique et économique.",
    "metadata": {
      "site_archaeologique": "Mactaris",
      "periode": "Antiquité",
      "source": "article",
      "date_collecte": "2025-12-11",
      "langue": "fr",
      "type": "académique",
      "fiabilite": 0.85,
      "mots_cles": [
        "Mactaris",
        "archéologie",
        "Tunisie",
        "article"
      ],
      "chunk_index": 0,
      "parent_doc_id": "mactaris_article_5",
      "parent_title": "Mactaris - Article",
      "text_length": 296,
      "num_sentences": 5
    }
  }
]