{
  "id": "bulla_regia_architecture_27",
  "title": "Bulla Regia - Architecture",
  "content": "Le site de Bulla Regia présente des caractéristiques architecturales remarquables comme temples à péristyle.\n\nDes projets éducatifs sont développés pour valoriser le patrimoine de Bulla Regia.\n\nLe site attire chaque année des milliers de visiteurs et de chercheurs.",
  "metadata": {
    "site_archaeologique": "Bulla Regia",
    "periode": "Numide/Romain",
    "region": "Jendouba",
    "source": "Article académique",
    "date_creation": "2025-12-11",
    "langue": "fr",
    "type_document": "architecture",
    "unesco": false,
    "unesco_annee": null,
    "credibilite": 0.8,
    "mots_cles": [
      "Bulla Regia",
      "architecture",
      "Numide",
      "Tunisie"
    ]
  }
}