{
  "id": "sbeitla_conservation_19",
  "title": "Sbeitla - Conservation",
  "content": "Le site de Sbeitla fait l'objet d'un programme de conservation depuis 2018.\n\nDes projets éducatifs sont développés pour valoriser le patrimoine de Sbeitla.\n\nDes études récentes ont permis de mieux comprendre l'organisation urbaine de Sbeitla.",
  "metadata": {
    "site_archaeologique": "Sbeitla",
    "periode": "Romain/Byzantin",
    "region": "Kasserine",
    "source": "Guide officiel",
    "date_creation": "2025-12-11",
    "langue": "fr",
    "type_document": "conservation",
    "unesco": false,
    "unesco_annee": null,
    "credibilite": 0.8,
    "mots_cles": [
      "Sbeitla",
      "conservation",
      "Romain",
      "Tunisie"
    ]
  }
}