{
  "id": "sbeitla_architecture_17",
  "title": "Sbeitla - Architecture",
  "content": "Le site de Sbeitla présente des caractéristiques architecturales remarquables comme thermes avec hypocauste.\n\nLes autorités tunisiennes, en collaboration avec l'UNESCO, travaillent à la préservation de Sbeitla.\n\nLe site attire chaque année des milliers de visiteurs et de chercheurs.",
  "metadata": {
    "site_archaeologique": "Sbeitla",
    "periode": "Romain/Byzantin",
    "region": "Kasserine",
    "source": "Article académique",
    "date_creation": "2025-12-11",
    "langue": "fr",
    "type_document": "architecture",
    "unesco": false,
    "unesco_annee": null,
    "credibilite": 0.8,
    "mots_cles": [
      "Sbeitla",
      "architecture",
      "Romain",
      "Tunisie"
    ]
  }
}