{
  "id": "el_jem_architecture_12",
  "title": "El Jem - Architecture",
  "content": "L'architecture de El Jem témoigne d'une influence locale marquée.\n\nDes études récentes ont permis de mieux comprendre l'organisation urbaine de El Jem.\n\nDes études récentes ont permis de mieux comprendre l'organisation urbaine de El Jem.",
  "metadata": {
    "site_archaeologique": "El Jem",
    "periode": "Romain",
    "region": "Mahdia",
    "source": "UNESCO",
    "date_creation": "2025-12-11",
    "langue": "fr",
    "type_document": "architecture",
    "unesco": true,
    "unesco_annee": 1979,
    "credibilite": 0.9,
    "mots_cles": [
      "El Jem",
      "architecture",
      "Romain",
      "Tunisie"
    ]
  }
}