{
  "id": "mactaris_article_4",
  "title": "Mactaris - Article",
  "content": "Étude archéologique de Mactaris : analyses récentes.\n\nFouilles et découvertes à Mactaris : état des lieux.\n\nPatrimoine et conservation à Mactaris : défis et perspectives.\n\nArchitecture et urbanisme de Mactaris : caractéristiques principales.\n\nMactaris dans l'antiquité : rôle historique et économique.",
  "metadata": {
    "site_archaeologique": "Mactaris",
    "periode": "Antiquité",
    "source": "article",
    "date_collecte": "2025-12-11",
    "langue": "fr",
    "type": "académique",
    "fiabilite": 0.85,
    "mots_cles": [
      "Mactaris",
      "archéologie",
      "Tunisie",
      "article"
    ]
  }
}