{
  "id": "thuburbo_majus_conservation_39",
  "title": "Thuburbo Majus - Conservation",
  "content": "Des travaux de restauration ont été entrepris pour préserver mosaïques polychromes.\n\nDes projets éducatifs sont développés pour valoriser le patrimoine de Thuburbo Majus.\n\nDes projets éducatifs sont développés pour valoriser le patrimoine de Thuburbo Majus.",
  "metadata": {
    "site_archaeologique": "Thuburbo Majus",
    "periode": "Romain",
    "region": "Zaghouan",
    "source": "Rapport de fouilles",
    "date_creation": "2025-12-11",
    "langue": "fr",
    "type_document": "conservation",
    "unesco": false,
    "unesco_annee": null,
    "credibilite": 0.8,
    "mots_cles": [
      "Thuburbo Majus",
      "conservation",
      "Romain",
      "Tunisie"
    ]
  }
}