{
  "id": "haïdra_architecture_42",
  "title": "Haïdra - Architecture",
  "content": "L'architecture de Haïdra témoigne d'une influence locale marquée.\n\nDes études récentes ont permis de mieux comprendre l'organisation urbaine de Haïdra.\n\nDes projets éducatifs sont développés pour valoriser le patrimoine de Haïdra.",
  "metadata": {
    "site_archaeologique": "Haïdra",
    "periode": "Romain/Byzantin",
    "region": "Kasserine",
    "source": "Rapport de fouilles",
    "date_creation": "2025-12-11",
    "langue": "fr",
    "type_document": "architecture",
    "unesco": false,
    "unesco_annee": null,
    "credibilite": 0.8,
    "mots_cles": [
      "Haïdra",
      "architecture",
      "Romain",
      "Tunisie"
    ]
  }
}