{
  "id": "thuburbo_majus_visite_40",
  "title": "Thuburbo Majus - Visite",
  "content": "Le musée du site présente des collections de inscriptions.\n\nLes autorités tunisiennes, en collaboration avec l'UNESCO, travaillent à la préservation de Thuburbo Majus.\n\nLe site attire chaque année des milliers de visiteurs et de chercheurs.",
  "metadata": {
    "site_archaeologique": "Thuburbo Majus",
    "periode": "Romain",
    "region": "Zaghouan",
    "source": "Article académique",
    "date_creation": "2025-12-11",
    "langue": "fr",
    "type_document": "visite",
    "unesco": false,
    "unesco_annee": null,
    "credibilite": 0.8,
    "mots_cles": [
      "Thuburbo Majus",
      "visite",
      "Romain",
      "Tunisie"
    ]
  }
}