{
  "id": "makthar_article_4",
  "title": "Makthar - Article",
  "content": "Étude archéologique de Makthar : analyses récentes.\n\nFouilles et découvertes à Makthar : état des lieux.\n\nPatrimoine et conservation à Makthar : défis et perspectives.\n\nArchitecture et urbanisme de Makthar : caractéristiques principales.\n\nMakthar dans l'antiquité : rôle historique et économique.",
  "metadata": {
    "site_archaeologique": "Makthar",
    "periode": "Numide, Romain",
    "source": "article",
    "date_collecte": "2025-12-11",
    "langue": "fr",
    "type": "académique",
    "fiabilite": 0.85,
    "mots_cles": [
      "Makthar",
      "archéologie",
      "Tunisie",
      "article"
    ]
  }
}