{
  "id": "dougga_article_5",
  "title": "Dougga - Article",
  "content": "Étude archéologique de Dougga : analyses récentes.\n\nFouilles et découvertes à Dougga : état des lieux.\n\nPatrimoine et conservation à Dougga : défis et perspectives.\n\nArchitecture et urbanisme de Dougga : caractéristiques principales.\n\nDougga dans l'antiquité : rôle historique et économique.",
  "metadata": {
    "site_archaeologique": "Dougga",
    "periode": "Numide, Romain, Byzantin",
    "source": "article",
    "date_collecte": "2025-12-11",
    "langue": "fr",
    "type": "académique",
    "fiabilite": 0.85,
    "mots_cles": [
      "Dougga",
      "archéologie",
      "Tunisie",
      "article"
    ],
    "unesco_id": 794,
    "patrimoine_mondial": true
  }
}