{
  "id": "kerkouane_visite_25",
  "title": "Kerkouane - Visite",
  "content": "Kerkouane est ouvert au public tous les jours de 8h à 18h en été.\n\nDes projets éducatifs sont développés pour valoriser le patrimoine de Kerkouane.\n\nLes autorités tunisiennes, en collaboration avec l'UNESCO, travaillent à la préservation de Kerkouane.",
  "metadata": {
    "site_archaeologique": "Kerkouane",
    "periode": "Punique",
    "region": "Nabeul",
    "source": "Guide officiel",
    "date_creation": "2025-12-11",
    "langue": "fr",
    "type_document": "visite",
    "unesco": true,
    "unesco_annee": 1985,
    "credibilite": 0.8,
    "mots_cles": [
      "Kerkouane",
      "visite",
      "Punique",
      "Tunisie"
    ]
  }
}