{
  "id": "chemtou_article_5",
  "title": "Chemtou - Article",
  "content": "Étude archéologique de Chemtou : analyses récentes.\n\nFouilles et découvertes à Chemtou : état des lieux.\n\nPatrimoine et conservation à Chemtou : défis et perspectives.\n\nArchitecture et urbanisme de Chemtou : caractéristiques principales.\n\nChemtou dans l'antiquité : rôle historique et économique.",
  "metadata": {
    "site_archaeologique": "Chemtou",
    "periode": "Antiquité",
    "source": "article",
    "date_collecte": "2025-12-11",
    "langue": "fr",
    "type": "académique",
    "fiabilite": 0.85,
    "mots_cles": [
      "Chemtou",
      "archéologie",
      "Tunisie",
      "article"
    ]
  }
}