{
  "id": "haïdra_visite_45",
  "title": "Haïdra - Visite",
  "content": "Haïdra est ouvert au public tous les jours de 9h à 17h.\n\nDes études récentes ont permis de mieux comprendre l'organisation urbaine de Haïdra.\n\nDes projets éducatifs sont développés pour valoriser le patrimoine de Haïdra.",
  "metadata": {
    "site_archaeologique": "Haïdra",
    "periode": "Romain/Byzantin",
    "region": "Kasserine",
    "source": "Article académique",
    "date_creation": "2025-12-11",
    "langue": "fr",
    "type_document": "visite",
    "unesco": false,
    "unesco_annee": null,
    "credibilite": 0.8,
    "mots_cles": [
      "Haïdra",
      "visite",
      "Romain",
      "Tunisie"
    ]
  }
}