{
  "id": "dougga_fouilles_8",
  "title": "Dougga - Fouilles",
  "content": "Les campagnes de fouilles récentes (2020-2023) ont mis au jour des inscriptions latines.\n\nDes projets éducatifs sont développés pour valoriser le patrimoine de Dougga.\n\nLes autorités tunisiennes, en collaboration avec l'UNESCO, travaillent à la préservation de Dougga.",
  "metadata": {
    "site_archaeologique": "Dougga",
    "periode": "Numide/Romain",
    "region": "Béja",
    "source": "Institut National du Patrimoine (INP)",
    "date_creation": "2025-12-11",
    "langue": "fr",
    "type_document": "fouilles",
    "unesco": true,
    "unesco_annee": 1997,
    "credibilite": 0.8,
    "mots_cles": [
      "Dougga",
      "fouilles",
      "Numide",
      "Tunisie"
    ]
  }
}