[
  {
    "id": "article_carthage_1765482225_chunk_1af74f86",
    "text": "HISTOIRE DE CARTHAGE Carthage, fondée par les Phéniciens de Tyr au IXe siècle av. J.-C., est rapidement devenue la puissance dominante de la Méditerranée occidentale. La cité a développé un empire commercial étendu, avec des comptoirs en Sicile, Sardaigne, et dans la péninsule ibérique. LES GUERRES PUNIQUES Le conflit avec Rome a duré plus dun siècle, avec trois guerres puniques (264-146 av. J.-C.). Hannibal Barca, général carthaginois, est célèbre pour sa traversée des Alpes avec des éléphants lors de la deuxième guerre punique. ARCHITECTURE CARTHAGINOISE Les vestiges montrent une architecture sophistiquée : ports circulaires, tophet (sanctuaire), maisons à péristyle. Les Carthaginois excellaient dans la construction navale et lurbanisme.",
    "metadata": {
      "site_archaeologique": "carthage",
      "source": "Article académique",
      "langue": "fr",
      "date_collecte": "2025-12-11",
      "type": "académique",
      "credibilite": 0.9,
      "chunk_index": 0,
      "parent_doc_id": "article_carthage_1765482225",
      "parent_title": "Étude sur carthage",
      "text_length": 749,
      "num_sentences": 8
    }
  },
  {
    "id": "article_dougga_1765482225_chunk_a1ed1473",
    "text": "DOUGGA : PERLE DE LARCHITECTURE ROMAINE Dougga, lantique Thugga, est considérée comme la cité romaine la mieux conservée dAfrique du Nord. Son état de conservation exceptionnel permet détudier lurbanisme romain provincial. LE CAPITOLE Édifié en 166-167 ap. J.-C., le Capitole est dédié à la triade capitoline : Jupiter, Junon et Minerve. Sa façade mesure 21 mètres de largeur, avec six colonnes corinthiennes. LE THÉÂTRE Construit vers 168-169 ap. J.-C., le théâtre pouvait accueillir 3500 spectateurs. Il est remarquable par sa cavea (gradins) bien préservée et son orchestre de 19 mètres de diamètre. SYSTÈME HYDRAULIQUE Dougga possédait un système complexe de citernes et daqueducs, témoignant dune ingénierie hydraulique avancée.",
    "metadata": {
      "site_archaeologique": "dougga",
      "source": "Article académique",
      "langue": "fr",
      "date_collecte": "2025-12-11",
      "type": "académique",
      "credibilite": 0.9,
      "chunk_index": 0,
      "parent_doc_id": "article_dougga_1765482225",
      "parent_title": "Étude sur dougga",
      "text_length": 733,
      "num_sentences": 9
    }
  },
  {
    "id": "article_eljem_1765482225_chunk_4eede214",
    "text": "LAMPHITHÉÂTRE DEL JEM : COLOSSE AFRICAIN Construit vers 238 ap. J.-C. sous le proconsulat de Gordien, lamphithéâtre dEl Jem est le plus grand du monde romain après le Colisée de Rome et lamphithéâtre de Capoue. CARACTÉRISTIQUES TECHNIQUES - Dimensions : 148 m (grand axe)  124 m (petit axe) - Hauteur : 36 m (origine), 30 m (actuelle) - Capacité : 30 000 à 35 000 spectateurs - Arène : 65 m  37 m - 3 niveaux darcades, 68 vomitoires CONSTRUCTION Édifié en pierre de taille locale (calcaire), sans mortier, utilisant la technique de lopus quadratum. Lacoustique est remarquable : un murmure au centre de larène est audible dans tout lédifice.",
    "metadata": {
      "site_archaeologique": "eljem",
      "source": "Article académique",
      "langue": "fr",
      "date_collecte": "2025-12-11",
      "type": "académique",
      "credibilite": 0.9,
      "chunk_index": 0,
      "parent_doc_id": "article_eljem_1765482225",
      "parent_title": "Étude sur eljem",
      "text_length": 641,
      "num_sentences": 5
    }
  },
  {
    "id": "article_carthage_histoire_chunk_4f7b0fdb",
    "text": "HISTOIRE DE CARTHAGE Carthage, fondée par les Phéniciens de Tyr au IXe siècle av. J.-C., est rapidement devenue la puissance dominante de la Méditerranée occidentale. La cité a développé un empire commercial étendu, avec des comptoirs en Sicile, Sardaigne, et dans la péninsule ibérique. LES GUERRES PUNIQUES Le conflit avec Rome a duré plus dun siècle, avec trois guerres puniques (264-146 av. J.-C.). Hannibal Barca, général carthaginois, est célèbre pour sa traversée des Alpes avec des éléphants lors de la deuxième guerre punique. ARCHITECTURE CARTHAGINOISE Les vestiges montrent une architecture sophistiquée : ports circulaires, tophet (sanctuaire), maisons à péristyle. Les Carthaginois excellaient dans la construction navale et lurbanisme.",
    "metadata": {
      "site_archaeologique": "carthage",
      "source": "Article",
      "langue": "fr",
      "type": "académique",
      "chunk_index": 0,
      "parent_doc_id": "article_carthage_histoire",
      "parent_title": "carthage histoire",
      "text_length": 749,
      "num_sentences": 8
    }
  },
  {
    "id": "article_dougga_architecture_chunk_e2b099f6",
    "text": "DOUGGA : PERLE DE LARCHITECTURE ROMAINE Dougga, lantique Thugga, est considérée comme la cité romaine la mieux conservée dAfrique du Nord. Son état de conservation exceptionnel permet détudier lurbanisme romain provincial. LE CAPITOLE Édifié en 166-167 ap. J.-C., le Capitole est dédié à la triade capitoline : Jupiter, Junon et Minerve. Sa façade mesure 21 mètres de largeur, avec six colonnes corinthiennes. LE THÉÂTRE Construit vers 168-169 ap. J.-C., le théâtre pouvait accueillir 3500 spectateurs. Il est remarquable par sa cavea (gradins) bien préservée et son orchestre de 19 mètres de diamètre. SYSTÈME HYDRAULIQUE Dougga possédait un système complexe de citernes et daqueducs, témoignant dune ingénierie hydraulique avancée.",
    "metadata": {
      "site_archaeologique": "dougga",
      "source": "Article",
      "langue": "fr",
      "type": "académique",
      "chunk_index": 0,
      "parent_doc_id": "article_dougga_architecture",
      "parent_title": "dougga architecture",
      "text_length": 733,
      "num_sentences": 9
    }
  },
  {
    "id": "article_eljem_amphitheatre_chunk_3a6e0382",
    "text": "LAMPHITHÉÂTRE DEL JEM : COLOSSE AFRICAIN Construit vers 238 ap. J.-C. sous le proconsulat de Gordien, lamphithéâtre dEl Jem est le plus grand du monde romain après le Colisée de Rome et lamphithéâtre de Capoue. CARACTÉRISTIQUES TECHNIQUES - Dimensions : 148 m (grand axe)  124 m (petit axe) - Hauteur : 36 m (origine), 30 m (actuelle) - Capacité : 30 000 à 35 000 spectateurs - Arène : 65 m  37 m - 3 niveaux darcades, 68 vomitoires CONSTRUCTION Édifié en pierre de taille locale (calcaire), sans mortier, utilisant la technique de lopus quadratum. Lacoustique est remarquable : un murmure au centre de larène est audible dans tout lédifice.",
    "metadata": {
      "site_archaeologique": "eljem",
      "source": "Article",
      "langue": "fr",
      "type": "académique",
      "chunk_index": 0,
      "parent_doc_id": "article_eljem_amphitheatre",
      "parent_title": "eljem amphitheatre",
      "text_length": 641,
      "num_sentences": 5
    }
  }
]