{
  "id": "makthar_histoire_46",
  "title": "Makthar - Histoire",
  "content": "Fondé au IIIe siècle ap. J.-C., Makthar a joué un rôle majeur dans l'histoire de la Tunisie antique.\n\nDes études récentes ont permis de mieux comprendre l'organisation urbaine de Makthar.\n\nLe site attire chaque année des milliers de visiteurs et de chercheurs.",
  "metadata": {
    "site_archaeologique": "Makthar",
    "periode": "Numide/Romain",
    "region": "Siliana",
    "source": "Wikipedia",
    "date_creation": "2025-12-11",
    "langue": "fr",
    "type_document": "histoire",
    "unesco": false,
    "unesco_annee": null,
    "credibilite": 0.8,
    "mots_cles": [
      "Makthar",
      "histoire",
      "Numide",
      "Tunisie"
    ]
  }
}