{
  "id": "el_jem_histoire_11",
  "title": "El Jem - Histoire",
  "content": "L'histoire de El Jem s'étend sur plusieurs siècles, avec des occupations Romain.\n\nLes autorités tunisiennes, en collaboration avec l'UNESCO, travaillent à la préservation de El Jem.\n\nDes études récentes ont permis de mieux comprendre l'organisation urbaine de El Jem.",
  "metadata": {
    "site_archaeologique": "El Jem",
    "periode": "Romain",
    "region": "Mahdia",
    "source": "Wikipedia",
    "date_creation": "2025-12-11",
    "langue": "fr",
    "type_document": "histoire",
    "unesco": true,
    "unesco_annee": 1979,
    "credibilite": 0.8,
    "mots_cles": [
      "El Jem",
      "histoire",
      "Romain",
      "Tunisie"
    ]
  }
}