{
  "id": "kerkouane_fouilles_23",
  "title": "Kerkouane - Fouilles",
  "content": "Les archéologues ont découvert à Kerkouane des céramiques sigillées exceptionnellement bien préservés.\n\nDes projets éducatifs sont développés pour valoriser le patrimoine de Kerkouane.\n\nDes projets éducatifs sont développés pour valoriser le patrimoine de Kerkouane.",
  "metadata": {
    "site_archaeologique": "Kerkouane",
    "periode": "Punique",
    "region": "Nabeul",
    "source": "Institut National du Patrimoine (INP)",
    "date_creation": "2025-12-11",
    "langue": "fr",
    "type_document": "fouilles",
    "unesco": true,
    "unesco_annee": 1985,
    "credibilite": 0.8,
    "mots_cles": [
      "Kerkouane",
      "fouilles",
      "Punique",
      "Tunisie"
    ]
  }
}