{
  "id": "makthar_visite_50",
  "title": "Makthar - Visite",
  "content": "Le musée du site présente des collections de objets domestiques.\n\nLe site attire chaque année des milliers de visiteurs et de chercheurs.\n\nLes autorités tunisiennes, en collaboration avec l'UNESCO, travaillent à la préservation de Makthar.",
  "metadata": {
    "site_archaeologique": "Makthar",
    "periode": "Numide/Romain",
    "region": "Siliana",
    "source": "Guide officiel",
    "date_creation": "2025-12-11",
    "langue": "fr",
    "type_document": "visite",
    "unesco": false,
    "unesco_annee": null,
    "credibilite": 0.8,
    "mots_cles": [
      "Makthar",
      "visite",
      "Numide",
      "Tunisie"
    ]
  }
}