{
  "id": "dougga_conservation_9",
  "title": "Dougga - Conservation",
  "content": "Les défis de conservation incluent l'érosion.\n\nDes études récentes ont permis de mieux comprendre l'organisation urbaine de Dougga.\n\nDes études récentes ont permis de mieux comprendre l'organisation urbaine de Dougga.",
  "metadata": {
    "site_archaeologique": "Dougga",
    "periode": "Numide/Romain",
    "region": "Béja",
    "source": "Guide officiel",
    "date_creation": "2025-12-11",
    "langue": "fr",
    "type_document": "conservation",
    "unesco": true,
    "unesco_annee": 1997,
    "credibilite": 0.8,
    "mots_cles": [
      "Dougga",
      "conservation",
      "Numide",
      "Tunisie"
    ]
  }
}