{
  "id": "dougga_visite_10",
  "title": "Dougga - Visite",
  "content": "Le musée du site présente des collections de inscriptions.\n\nDes études récentes ont permis de mieux comprendre l'organisation urbaine de Dougga.\n\nLe site attire chaque année des milliers de visiteurs et de chercheurs.",
  "metadata": {
    "site_archaeologique": "Dougga",
    "periode": "Numide/Romain",
    "region": "Béja",
    "source": "Article académique",
    "date_creation": "2025-12-11",
    "langue": "fr",
    "type_document": "visite",
    "unesco": true,
    "unesco_annee": 1997,
    "credibilite": 0.8,
    "mots_cles": [
      "Dougga",
      "visite",
      "Numide",
      "Tunisie"
    ]
  }
}