{
  "id": "haïdra_histoire_41",
  "title": "Haïdra - Histoire",
  "content": "Fondé au IIIe siècle ap. J.-C., Haïdra a joué un rôle majeur dans l'histoire de la Tunisie antique.\n\nDes projets éducatifs sont développés pour valoriser le patrimoine de Haïdra.\n\nDes projets éducatifs sont développés pour valoriser le patrimoine de Haïdra.",
  "metadata": {
    "site_archaeologique": "Haïdra",
    "periode": "Romain/Byzantin",
    "region": "Kasserine",
    "source": "Wikipedia",
    "date_creation": "2025-12-11",
    "langue": "fr",
    "type_document": "histoire",
    "unesco": false,
    "unesco_annee": null,
    "credibilite": 0.8,
    "mots_cles": [
      "Haïdra",
      "histoire",
      "Romain",
      "Tunisie"
    ]
  }
}