{
  "id": "althiburos_article_4",
  "title": "Althiburos - Article",
  "content": "Étude archéologique de Althiburos : analyses récentes.\n\nFouilles et découvertes à Althiburos : état des lieux.\n\nPatrimoine et conservation à Althiburos : défis et perspectives.\n\nArchitecture et urbanisme de Althiburos : caractéristiques principales.\n\nAlthiburos dans l'antiquité : rôle historique et économique.",
  "metadata": {
    "site_archaeologique": "Althiburos",
    "periode": "Antiquité",
    "source": "article",
    "date_collecte": "2025-12-11",
    "langue": "fr",
    "type": "académique",
    "fiabilite": 0.85,
    "mots_cles": [
      "Althiburos",
      "archéologie",
      "Tunisie",
      "article"
    ]
  }
}