{
  "id": "ichkeul_article_4",
  "title": "Ichkeul - Article",
  "content": "Étude archéologique de Ichkeul : analyses récentes.\n\nFouilles et découvertes à Ichkeul : état des lieux.\n\nPatrimoine et conservation à Ichkeul : défis et perspectives.\n\nArchitecture et urbanisme de Ichkeul : caractéristiques principales.\n\nIchkeul dans l'antiquité : rôle historique et économique.",
  "metadata": {
    "site_archaeologique": "Ichkeul",
    "periode": "Antiquité",
    "source": "article",
    "date_collecte": "2025-12-11",
    "langue": "fr",
    "type": "académique",
    "fiabilite": 0.85,
    "mots_cles": [
      "Ichkeul",
      "archéologie",
      "Tunisie",
      "article"
    ],
    "unesco_id": 1266,
    "patrimoine_mondial": true
  }
}