{
  "id": "utique_histoire_31",
  "title": "Utique - Histoire",
  "content": "L'histoire de Utique s'étend sur plusieurs siècles, avec des occupations Punique.\n\nDes projets éducatifs sont développés pour valoriser le patrimoine de Utique.\n\nLe site attire chaque année des milliers de visiteurs et de chercheurs.",
  "metadata": {
    "site_archaeologique": "Utique",
    "periode": "Punique",
    "region": "Bizerte",
    "source": "Wikipedia",
    "date_creation": "2025-12-11",
    "langue": "fr",
    "type_document": "histoire",
    "unesco": false,
    "unesco_annee": null,
    "credibilite": 0.8,
    "mots_cles": [
      "Utique",
      "histoire",
      "Punique",
      "Tunisie"
    ]
  }
}