{
  "id": "utique_conservation_34",
  "title": "Utique - Conservation",
  "content": "Des travaux de restauration ont été entrepris pour préserver mosaïques polychromes.\n\nLes autorités tunisiennes, en collaboration avec l'UNESCO, travaillent à la préservation de Utique.\n\nLes autorités tunisiennes, en collaboration avec l'UNESCO, travaillent à la préservation de Utique.",
  "metadata": {
    "site_archaeologique": "Utique",
    "periode": "Punique",
    "region": "Bizerte",
    "source": "Guide officiel",
    "date_creation": "2025-12-11",
    "langue": "fr",
    "type_document": "conservation",
    "unesco": false,
    "unesco_annee": null,
    "credibilite": 0.8,
    "mots_cles": [
      "Utique",
      "conservation",
      "Punique",
      "Tunisie"
    ]
  }
}