{
  "id": "carthage_conservation_4",
  "title": "Carthage - Conservation",
  "content": "Les défis de conservation incluent les infiltrations d'eau.\n\nLes autorités tunisiennes, en collaboration avec l'UNESCO, travaillent à la préservation de Carthage.\n\nLes autorités tunisiennes, en collaboration avec l'UNESCO, travaillent à la préservation de Carthage.",
  "metadata": {
    "site_archaeologique": "Carthage",
    "periode": "Punique/Romain",
    "region": "Tunis",
    "source": "Guide officiel",
    "date_creation": "2025-12-11",
    "langue": "fr",
    "type_document": "conservation",
    "unesco": true,
    "unesco_annee": 1979,
    "credibilite": 0.8,
    "mots_cles": [
      "Carthage",
      "conservation",
      "Punique",
      "Tunisie"
    ]
  }
}