{
  "id": "kerkouane_conservation_24",
  "title": "Kerkouane - Conservation",
  "content": "Les défis de conservation incluent les infiltrations d'eau.\n\nLe site attire chaque année des milliers de visiteurs et de chercheurs.\n\nDes études récentes ont permis de mieux comprendre l'organisation urbaine de Kerkouane.",
  "metadata": {
    "site_archaeologique": "Kerkouane",
    "periode": "Punique",
    "region": "Nabeul",
    "source": "Article académique",
    "date_creation": "2025-12-11",
    "langue": "fr",
    "type_document": "conservation",
    "unesco": true,
    "unesco_annee": 1985,
    "credibilite": 0.8,
    "mots_cles": [
      "Kerkouane",
      "conservation",
      "Punique",
      "Tunisie"
    ]
  }
}