{
  "id": "haïdra_conservation_44",
  "title": "Haïdra - Conservation",
  "content": "Le site de Haïdra fait l'objet d'un programme de conservation depuis 2015.\n\nLe site attire chaque année des milliers de visiteurs et de chercheurs.\n\nLe site attire chaque année des milliers de visiteurs et de chercheurs.",
  "metadata": {
    "site_archaeologique": "Haïdra",
    "periode": "Romain/Byzantin",
    "region": "Kasserine",
    "source": "Rapport de fouilles",
    "date_creation": "2025-12-11",
    "langue": "fr",
    "type_document": "conservation",
    "unesco": false,
    "unesco_annee": null,
    "credibilite": 0.8,
    "mots_cles": [
      "Haïdra",
      "conservation",
      "Romain",
      "Tunisie"
    ]
  }
}