{
  "id": "utique_article_4",
  "title": "Utique - Article",
  "content": "Étude archéologique de Utique : analyses récentes.\n\nFouilles et découvertes à Utique : état des lieux.\n\nPatrimoine et conservation à Utique : défis et perspectives.\n\nArchitecture et urbanisme de Utique : caractéristiques principales.\n\nUtique dans l'antiquité : rôle historique et économique.",
  "metadata": {
    "site_archaeologique": "Utique",
    "periode": "Punique",
    "source": "article",
    "date_collecte": "2025-12-11",
    "langue": "fr",
    "type": "académique",
    "fiabilite": 0.85,
    "mots_cles": [
      "Utique",
      "archéologie",
      "Tunisie",
      "article"
    ]
  }
}