{
  "id": "utique_fouilles_33",
  "title": "Utique - Fouilles",
  "content": "Les campagnes de fouilles récentes (2020-2023) ont mis au jour un système hydraulique complexe.\n\nLe site attire chaque année des milliers de visiteurs et de chercheurs.\n\nLe site attire chaque année des milliers de visiteurs et de chercheurs.",
  "metadata": {
    "site_archaeologique": "Utique",
    "periode": "Punique",
    "region": "Bizerte",
    "source": "Institut National du Patrimoine (INP)",
    "date_creation": "2025-12-11",
    "langue": "fr",
    "type_document": "fouilles",
    "unesco": false,
    "unesco_annee": null,
    "credibilite": 0.8,
    "mots_cles": [
      "Utique",
      "fouilles",
      "Punique",
      "Tunisie"
    ]
  }
}