{
  "id": "kerkouane_architecture_22",
  "title": "Kerkouane - Architecture",
  "content": "L'architecture de Kerkouane témoigne d'une influence punique marquée.\n\nLe site attire chaque année des milliers de visiteurs et de chercheurs.\n\nDes projets éducatifs sont développés pour valoriser le patrimoine de Kerkouane.",
  "metadata": {
    "site_archaeologique": "Kerkouane",
    "periode": "Punique",
    "region": "Nabeul",
    "source": "UNESCO",
    "date_creation": "2025-12-11",
    "langue": "fr",
    "type_document": "architecture",
    "unesco": true,
    "unesco_annee": 1985,
    "credibilite": 0.9,
    "mots_cles": [
      "Kerkouane",
      "architecture",
      "Punique",
      "Tunisie"
    ]
  }
}