{
  "id": "bulla_regia_conservation_29",
  "title": "Bulla Regia - Conservation",
  "content": "Des travaux de restauration ont été entrepris pour préserver thermes avec hypocauste.\n\nDes études récentes ont permis de mieux comprendre l'organisation urbaine de Bulla Regia.\n\nLe site attire chaque année des milliers de visiteurs et de chercheurs.",
  "metadata": {
    "site_archaeologique": "Bulla Regia",
    "periode": "Numide/Romain",
    "region": "Jendouba",
    "source": "Article académique",
    "date_creation": "2025-12-11",
    "langue": "fr",
    "type_document": "conservation",
    "unesco": false,
    "unesco_annee": null,
    "credibilite": 0.8,
    "mots_cles": [
      "Bulla Regia",
      "conservation",
      "Numide",
      "Tunisie"
    ]
  }
}