{
  "id": "article_dougga_1765482225",
  "title": "Étude sur dougga",
  "content": "DOUGGA : PERLE DE L'ARCHITECTURE ROMAINE\n            Dougga, l'antique Thugga, est considérée comme la cité romaine la mieux conservée d'Afrique du Nord. Son état de conservation exceptionnel permet d'étudier l'urbanisme romain provincial.\n            \n            LE CAPITOLE\n            Édifié en 166-167 ap. J.-C., le Capitole est dédié à la triade capitoline : Jupiter, Junon et Minerve. Sa façade mesure 21 mètres de largeur, avec six colonnes corinthiennes.\n            \n            LE THÉÂTRE\n            Construit vers 168-169 ap. J.-C., le théâtre pouvait accueillir 3500 spectateurs. Il est remarquable par sa cavea (gradins) bien préservée et son orchestre de 19 mètres de diamètre.\n            \n            SYSTÈME HYDRAULIQUE\n            Dougga possédait un système complexe de citernes et d'aqueducs, témoignant d'une ingénierie hydraulique avancée.",
  "metadata": {
    "site_archaeologique": "dougga",
    "source": "Article académique",
    "langue": "fr",
    "date_collecte": "2025-12-11",
    "type": "académique",
    "credibilite": 0.9
  }
}