{
  "id": "bulla_regia_fouilles_28",
  "title": "Bulla Regia - Fouilles",
  "content": "Les archéologues ont découvert à Bulla Regia des céramiques sigillées exceptionnellement bien préservés.\n\nLes autorités tunisiennes, en collaboration avec l'UNESCO, travaillent à la préservation de Bulla Regia.\n\nDes projets éducatifs sont développés pour valoriser le patrimoine de Bulla Regia.",
  "metadata": {
    "site_archaeologique": "Bulla Regia",
    "periode": "Numide/Romain",
    "region": "Jendouba",
    "source": "Institut National du Patrimoine (INP)",
    "date_creation": "2025-12-11",
    "langue": "fr",
    "type_document": "fouilles",
    "unesco": false,
    "unesco_annee": null,
    "credibilite": 0.8,
    "mots_cles": [
      "Bulla Regia",
      "fouilles",
      "Numide",
      "Tunisie"
    ]
  }
}