{
  "id": "utique_visite_35",
  "title": "Utique - Visite",
  "content": "Des guides touristiques sont disponibles en français et arabe.\n\nDes projets éducatifs sont développés pour valoriser le patrimoine de Utique.\n\nDes études récentes ont permis de mieux comprendre l'organisation urbaine de Utique.",
  "metadata": {
    "site_archaeologique": "Utique",
    "periode": "Punique",
    "region": "Bizerte",
    "source": "Guide officiel",
    "date_creation": "2025-12-11",
    "langue": "fr",
    "type_document": "visite",
    "unesco": false,
    "unesco_annee": null,
    "credibilite": 0.8,
    "mots_cles": [
      "Utique",
      "visite",
      "Punique",
      "Tunisie"
    ]
  }
}