{
  "id": "dougga_architecture_7",
  "title": "Dougga - Architecture",
  "content": "Le site de Dougga présente des caractéristiques architecturales remarquables comme temples à péristyle.\n\nDes études récentes ont permis de mieux comprendre l'organisation urbaine de Dougga.\n\nLes autorités tunisiennes, en collaboration avec l'UNESCO, travaillent à la préservation de Dougga.",
  "metadata": {
    "site_archaeologique": "Dougga",
    "periode": "Numide/Romain",
    "region": "Béja",
    "source": "UNESCO",
    "date_creation": "2025-12-11",
    "langue": "fr",
    "type_document": "architecture",
    "unesco": true,
    "unesco_annee": 1997,
    "credibilite": 0.9,
    "mots_cles": [
      "Dougga",
      "architecture",
      "Numide",
      "Tunisie"
    ]
  }
}